shortfall,local_authority_code,age,n_rooms,n
6.77956989247312,E06000001,Old,1.0,186
4.976415094339621,E06000002,Old,1.0,318
5.87612359550562,E06000003,Old,1.0,356
4.60253807106599,E06000004,Old,1.0,394
5.057407407407407,E06000005,Old,1.0,378
5.486776859504133,E06000006,Old,1.0,121
4.264873417721519,E06000007,Old,1.0,316
6.407235142118864,E06000008,Old,1.0,387
3.2426707597851103,E06000009,Old,1.0,2606
4.48537878787879,E06000010,Old,1.0,1320
6.406433408577876,E06000011,Old,1.0,886
5.713157894736843,E06000012,Old,1.0,494
7.520769230769231,E06000013,Old,1.0,130
3.8376884422110558,E06000014,Old,1.0,597
3.547709163346613,E06000015,Old,1.0,1004
3.191912108461897,E06000016,Old,1.0,2139
7.84,E06000017,Old,1.0,50
3.1981493721083933,E06000018,Old,1.0,1513
7.732825719120134,E06000019,Old,1.0,591
5.8222929936305725,E06000020,Old,1.0,157
5.22244488977956,E06000021,Old,1.0,499
3.6686956521739136,E06000022,Old,1.0,1035
2.9576039933444265,E06000023,Old,1.0,3005
3.4643347050754456,E06000024,Old,1.0,729
5.218552036199096,E06000025,Old,1.0,221
3.8826368876080672,E06000026,Old,1.0,1388
3.4826973684210514,E06000027,Old,1.0,1520
2.959963768115942,E06000030,Old,1.0,552
3.6607526881720425,E06000031,Old,1.0,372
2.3455031166518254,E06000032,Old,1.0,1123
3.478232044198893,E06000033,Old,1.0,905
5.948543689320389,E06000034,Old,1.0,103
4.430028328611899,E06000035,Old,1.0,706
3.947826086956522,E06000036,Old,1.0,23
5.412204724409449,E06000037,Old,1.0,254
2.57924914675768,E06000038,Old,1.0,1465
2.7778242677824267,E06000039,Old,1.0,239
3.869473684210526,E06000040,Old,1.0,285
6.003076923076923,E06000041,Old,1.0,65
5.434246575342466,E06000042,Old,1.0,146
2.6679798826487837,E06000043,Old,1.0,7158
3.4975083056478407,E06000044,Old,1.0,1204
2.4441916167664677,E06000045,Old,1.0,1670
4.7787593984962395,E06000046,Old,1.0,532
8.44883401920439,E06000047,Old,1.0,729
6.771237458193981,E06000049,Old,1.0,598
5.2808176100628925,E06000050,Old,1.0,636
7.158544652701211,E06000051,Old,1.0,907
6.643126520681267,E06000052,Old,1.0,4932
5.486842105263159,E06000053,Old,1.0,38
5.528368794326243,E06000054,Old,1.0,987
3.4993055555555563,E06000055,Old,1.0,576
4.80332103321033,E06000056,Old,1.0,271
10.083735909822867,E06000057,Old,1.0,621
2.70648899188876,E06000058,Old,1.0,2589
5.750709219858158,E06000059,Old,1.0,1128
4.541509433962264,E06000060,Old,1.0,159
4.952325581395348,E06000061,Old,1.0,86
4.037158469945355,E06000062,Old,1.0,183
6.3102040816326515,E06000063,Old,1.0,98
6.3960526315789465,E06000064,Old,1.0,76
6.518713450292398,E06000065,Old,1.0,171
6.101481481481482,E06000066,Old,1.0,135
5.611818181818181,E07000004,Old,1.0,110
6.697999999999999,E07000005,Old,1.0,50
4.866666666666666,E07000006,Old,1.0,36
3.506542056074766,E07000007,Old,1.0,214
3.022524752475247,E07000008,Old,1.0,404
6.631858407079646,E07000009,Old,1.0,113
6.805022831050228,E07000010,Old,1.0,219
5.158762886597938,E07000011,Old,1.0,194
6.12,E07000012,Old,1.0,110
9.134202898550722,E07000026,Old,1.0,345
5.667760617760616,E07000027,Old,1.0,518
8.570370370370371,E07000028,Old,1.0,270
7.8999999999999995,E07000029,Old,1.0,263
9.6328125,E07000030,Old,1.0,256
7.4862470862470865,E07000031,Old,1.0,429
6.48702290076336,E07000032,Old,1.0,262
8.403846153846155,E07000033,Old,1.0,52
4.680246913580248,E07000034,Old,1.0,162
7.130412371134022,E07000035,Old,1.0,194
5.56923076923077,E07000036,Old,1.0,221
6.343913043478261,E07000037,Old,1.0,230
7.565853658536587,E07000038,Old,1.0,41
7.485294117647059,E07000039,Old,1.0,102
6.396756756756757,E07000040,Old,1.0,555
3.6164179104477623,E07000041,Old,1.0,603
6.41212814645309,E07000042,Old,1.0,437
6.4767479674796755,E07000043,Old,1.0,615
6.595615866388307,E07000044,Old,1.0,479
5.335422740524783,E07000045,Old,1.0,686
7.219829059829062,E07000046,Old,1.0,585
7.928172588832484,E07000047,Old,1.0,394
2.676753121998078,E07000061,Old,1.0,1041
3.644273127753304,E07000062,Old,1.0,908
5.0396449704142015,E07000063,Old,1.0,169
4.951612903225806,E07000064,Old,1.0,341
6.349999999999999,E07000065,Old,1.0,212
9.178571428571429,E07000066,Old,1.0,14
5.99945652173913,E07000067,Old,1.0,184
4.66867469879518,E07000068,Old,1.0,83
7.74375,E07000069,Old,1.0,16
6.02686567164179,E07000070,Old,1.0,134
4.343287671232876,E07000071,Old,1.0,365
5.291250000000001,E07000072,Old,1.0,80
3.6366666666666663,E07000073,Old,1.0,30
7.33048780487805,E07000074,Old,1.0,82
5.671111111111111,E07000075,Old,1.0,45
4.7555555555555555,E07000076,Old,1.0,468
5.105050505050505,E07000077,Old,1.0,99
3.346061269146608,E07000078,Old,1.0,914
6.893298969072166,E07000079,Old,1.0,194
7.862162162162163,E07000080,Old,1.0,185
3.8046938775510206,E07000081,Old,1.0,490
6.181446540880502,E07000082,Old,1.0,318
5.638888888888891,E07000083,Old,1.0,126
5.005223880597015,E07000084,Old,1.0,134
6.981428571428573,E07000085,Old,1.0,140
4.331896551724138,E07000086,Old,1.0,116
4.538297872340427,E07000087,Old,1.0,47
4.669158878504673,E07000088,Old,1.0,107
5.158139534883722,E07000089,Old,1.0,43
4.515384615384615,E07000090,Old,1.0,104
6.231016042780749,E07000091,Old,1.0,187
3.758088235294117,E07000092,Old,1.0,136
6.421428571428571,E07000093,Old,1.0,98
5.142391304347825,E07000094,Old,1.0,184
4.409523809523811,E07000095,Old,1.0,63
4.166216216216216,E07000096,Old,1.0,148
3.7797297297297305,E07000098,Old,1.0,74
4.369377990430623,E07000099,Old,1.0,209
7.014814814814816,E07000102,Old,1.0,27
3.031832797427653,E07000103,Old,1.0,311
6.3026845637583895,E07000105,Old,1.0,149
3.7844827586206895,E07000106,Old,1.0,464
5.097887323943661,E07000107,Old,1.0,142
4.54020618556701,E07000108,Old,1.0,388
3.6648648648648625,E07000109,Old,1.0,407
3.8181818181818192,E07000110,Old,1.0,484
5.596629213483146,E07000111,Old,1.0,178
4.536124401913876,E07000112,Old,1.0,418
4.762678062678062,E07000113,Old,1.0,351
4.138970588235294,E07000114,Old,1.0,816
5.018932038834952,E07000115,Old,1.0,206
3.6188846641318126,E07000116,Old,1.0,789
6.147071129707113,E07000117,Old,1.0,478
7.298540145985401,E07000118,Old,1.0,137
4.194279176201374,E07000119,Old,1.0,437
6.615869017632244,E07000120,Old,1.0,397
5.172073342736249,E07000121,Old,1.0,709
6.642741935483873,E07000122,Old,1.0,496
4.187809187279152,E07000123,Old,1.0,566
7.145689655172412,E07000124,Old,1.0,116
7.572946859903382,E07000125,Old,1.0,207
7.05979381443299,E07000126,Old,1.0,97
7.517045454545454,E07000127,Old,1.0,88
4.180107526881718,E07000128,Old,1.0,372
6.531818181818181,E07000129,Old,1.0,44
4.888995215311005,E07000130,Old,1.0,209
7.027160493827158,E07000131,Old,1.0,81
6.518333333333333,E07000132,Old,1.0,120
5.304347826086958,E07000133,Old,1.0,92
6.952678571428571,E07000134,Old,1.0,112
5.44516129032258,E07000135,Old,1.0,31
6.017129629629631,E07000136,Old,1.0,216
6.923696682464456,E07000137,Old,1.0,422
4.3384279475982535,E07000138,Old,1.0,229
9.247524752475247,E07000139,Old,1.0,101
7.814798206278026,E07000140,Old,1.0,223
6.1715384615384625,E07000141,Old,1.0,260
8.083221476510067,E07000142,Old,1.0,149
7.897487437185933,E07000143,Old,1.0,199
6.506451612903225,E07000144,Old,1.0,93
5.011406250000002,E07000145,Old,1.0,640
6.661670235546038,E07000146,Old,1.0,467
7.204823151125401,E07000147,Old,1.0,311
3.188117001828153,E07000148,Old,1.0,547
7.83333333333333,E07000149,Old,1.0,213
4.777777777777779,E07000150,Old,1.0,9
7.947272727272729,E07000151,Old,1.0,55
6.928571428571429,E07000152,Old,1.0,105
6.059119496855345,E07000153,Old,1.0,159
4.853243243243243,E07000154,Old,1.0,370
7.806315789473684,E07000155,Old,1.0,95
6.902777777777778,E07000156,Old,1.0,72
6.565822784810126,E07000163,Old,1.0,237
9.048979591836737,E07000164,Old,1.0,147
5.685245901639341,E07000165,Old,1.0,488
9.32442748091603,E07000166,Old,1.0,131
10.021428571428572,E07000167,Old,1.0,168
5.616761363636363,E07000168,Old,1.0,704
8.5,E07000169,Old,1.0,85
6.772268907563026,E07000170,Old,1.0,119
5.6892215568862285,E07000171,Old,1.0,167
6.90373831775701,E07000172,Old,1.0,107
5.628205128205129,E07000173,Old,1.0,78
5.529090909090909,E07000174,Old,1.0,110
5.620863309352518,E07000175,Old,1.0,139
4.3826086956521735,E07000176,Old,1.0,161
4.303461538461537,E07000177,Old,1.0,260
2.8600700525394034,E07000178,Old,1.0,571
7.559876543209877,E07000179,Old,1.0,162
6.6801886792452825,E07000180,Old,1.0,106
7.458536585365853,E07000181,Old,1.0,123
5.467892976588628,E07000187,Old,1.0,299
6.154545454545454,E07000188,Old,1.0,308
6.564901960784311,E07000189,Old,1.0,510
5.171578947368421,E07000192,Old,1.0,95
5.754656862745097,E07000193,Old,1.0,408
5.071287128712871,E07000194,Old,1.0,101
6.449618320610686,E07000195,Old,1.0,131
9.460416666666665,E07000196,Old,1.0,48
5.600000000000001,E07000197,Old,1.0,166
8.279017857142858,E07000198,Old,1.0,224
4.774074074074075,E07000199,Old,1.0,54
6.349038461538462,E07000200,Old,1.0,208
3.8969986357435205,E07000202,Old,1.0,733
8.94057142857143,E07000203,Old,1.0,175
3.7155737704918033,E07000207,Old,1.0,244
3.6415929203539834,E07000208,Old,1.0,113
3.5554929577464804,E07000209,Old,1.0,355
4.347183098591549,E07000210,Old,1.0,142
3.496153846153846,E07000211,Old,1.0,208
5.701351351351352,E07000212,Old,1.0,74
3.571717171717172,E07000213,Old,1.0,99
5.709302325581396,E07000214,Old,1.0,43
5.490265486725663,E07000215,Old,1.0,113
5.264467005076143,E07000216,Old,1.0,197
3.220388349514563,E07000217,Old,1.0,103
7.510344827586208,E07000218,Old,1.0,87
4.741911764705882,E07000219,Old,1.0,136
4.830167597765363,E07000220,Old,1.0,179
6.078542510121458,E07000221,Old,1.0,247
3.8824427480916035,E07000222,Old,1.0,393
5.139344262295083,E07000223,Old,1.0,61
3.0965612104539204,E07000224,Old,1.0,727
6.0249999999999995,E07000225,Old,1.0,244
4.657142857142857,E07000226,Old,1.0,21
6.1189189189189195,E07000227,Old,1.0,148
5.050326797385621,E07000228,Old,1.0,153
2.8212271973466017,E07000229,Old,1.0,1206
6.97590361445783,E07000234,Old,1.0,83
7.766857142857145,E07000235,Old,1.0,175
5.038392857142858,E07000236,Old,1.0,112
3.2931906614785995,E07000237,Old,1.0,514
5.361538461538463,E07000238,Old,1.0,182
5.966321243523317,E07000239,Old,1.0,193
3.8863874345549743,E07000240,Old,1.0,191
3.6366666666666676,E07000241,Old,1.0,60
5.148888888888888,E07000242,Old,1.0,135
4.022222222222222,E07000243,Old,1.0,9
5.460310880829017,E07000244,Old,1.0,965
5.822829581993572,E07000245,Old,1.0,311
5.724629080118694,E07000246,Old,1.0,674
4.097055837563449,E08000001,Old,1.0,985
5.982006920415226,E08000002,Old,1.0,289
3.285581222056633,E08000003,Old,1.0,2684
5.944339622641511,E08000004,Old,1.0,424
5.319912472647704,E08000005,Old,1.0,457
3.274788732394366,E08000006,Old,1.0,710
4.162217194570135,E08000007,Old,1.0,442
4.903307392996108,E08000008,Old,1.0,514
3.5263913824057456,E08000009,Old,1.0,557
5.87508896797153,E08000010,Old,1.0,562
5.909523809523811,E08000011,Old,1.0,63
4.3631437045025585,E08000012,Old,1.0,3709
5.723809523809523,E08000013,Old,1.0,231
4.1998006644518275,E08000014,Old,1.0,1505
5.116844349680175,E08000015,Old,1.0,938
5.5260606060606055,E08000016,Old,1.0,330
4.591047040971168,E08000017,Old,1.0,659
4.718042813455657,E08000018,Old,1.0,327
3.8177033492822963,E08000019,Old,1.0,1254
2.906435643564356,E08000021,Old,1.0,606
5.082078853046594,E08000022,Old,1.0,279
5.546875,E08000023,Old,1.0,96
3.7837471783295706,E08000024,Old,1.0,443
3.43644048435001,E08000025,Old,1.0,4377
3.0172018348623864,E08000026,Old,1.0,1308
5.147603833865814,E08000027,Old,1.0,313
4.866030534351145,E08000028,Old,1.0,524
4.79871794871795,E08000029,Old,1.0,78
3.994247787610619,E08000030,Old,1.0,452
3.5286075949367093,E08000031,Old,1.0,790
5.40908838243469,E08000032,Old,1.0,3598
7.130316091954024,E08000033,Old,1.0,1392
4.887804878048778,E08000034,Old,1.0,2296
3.8506498700259932,E08000035,Old,1.0,5001
5.2113360323886635,E08000036,Old,1.0,494
6.331343283582088,E08000037,Old,1.0,201
2.0276381909547734,E09000001,Old,1.0,199
3.8929203539823005,E09000002,Old,1.0,113
1.9103038309114935,E09000003,Old,1.0,3028
2.5049180327868856,E09000004,Old,1.0,671
1.878232445520582,E09000005,Old,1.0,4130
3.2063687150838005,E09000006,Old,1.0,895
1.7924411550594521,E09000007,Old,1.0,8242
2.466782608695654,E09000008,Old,1.0,2875
2.107399244332495,E09000009,Old,1.0,3176
2.5246482836240864,E09000010,Old,1.0,1777
2.4456273764258554,E09000011,Old,1.0,1052
1.9499600532623171,E09000012,Old,1.0,3755
2.5401300975731793,E09000013,Old,1.0,3997
2.03219467956469,E09000014,Old,1.0,6616
2.258620689655172,E09000015,Old,1.0,754
3.1909420289855066,E09000016,Old,1.0,276
2.0853909465020575,E09000017,Old,1.0,486
2.331592465753424,E09000018,Old,1.0,1168
2.017341356673961,E09000019,Old,1.0,3656
1.9367709026391648,E09000020,Old,1.0,9018
2.797258771929823,E09000021,Old,1.0,912
2.0915876489180643,E09000022,Old,1.0,4113
2.174311358712476,E09000023,Old,1.0,3231
2.516903073286052,E09000024,Old,1.0,846
3.0396380090497748,E09000025,Old,1.0,1105
3.0722733245729303,E09000026,Old,1.0,761
2.816123642439432,E09000027,Old,1.0,1197
2.3893353941267397,E09000028,Old,1.0,1941
2.7310725552050474,E09000029,Old,1.0,634
2.437899917965545,E09000030,Old,1.0,1219
2.6882445141065823,E09000031,Old,1.0,1914
2.670470104974896,E09000032,Old,1.0,2191
1.9514615298465656,E09000033,Old,1.0,8929
8.535922330097085,W06000001,Old,1.0,412
8.045968412302573,W06000002,Old,1.0,1203
6.17390599675851,W06000003,Old,1.0,617
5.629273504273504,W06000004,Old,1.0,468
6.987698412698412,W06000005,Old,1.0,252
6.733160621761657,W06000006,Old,1.0,193
8.223026315789477,W06000008,Old,1.0,608
7.373616236162364,W06000009,Old,1.0,542
8.46429780033841,W06000010,Old,1.0,591
3.869847856154909,W06000011,Old,1.0,723
6.215209125475287,W06000012,Old,1.0,263
4.779032258064516,W06000013,Old,1.0,186
4.861825726141079,W06000014,Old,1.0,241
2.838539407086045,W06000015,Old,1.0,1383
5.8636986301369864,W06000016,Old,1.0,876
6.0095808383233535,W06000018,Old,1.0,167
6.738281249999998,W06000019,Old,1.0,128
5.882222222222222,W06000020,Old,1.0,90
6.418905472636815,W06000021,Old,1.0,201
3.1550193050193047,W06000022,Old,1.0,518
8.187999999999997,W06000023,Old,1.0,625
6.179069767441859,W06000024,Old,1.0,129
4.2746967071057185,E06000001,Old,2.0,577
3.6450684931506845,E06000002,Old,2.0,730
4.170833333333334,E06000003,Old,2.0,1392
3.6371784232365156,E06000004,Old,2.0,1205
4.353423336547732,E06000005,Old,2.0,1037
4.268842729970326,E06000006,Old,2.0,337
3.350247279920872,E06000007,Old,2.0,1011
4.852865213882162,E06000008,Old,2.0,1239
3.288849582566861,E06000009,Old,2.0,7067
3.313687392055273,E06000010,Old,2.0,4632
4.648444173276389,E06000011,Old,2.0,3278
4.002398800599699,E06000012,Old,2.0,2001
4.458969465648857,E06000013,Old,2.0,1048
3.6062306900102987,E06000014,Old,2.0,1942
3.688251090970124,E06000015,Old,2.0,2979
3.5441423244251116,E06000016,Old,2.0,6436
5.600458715596335,E06000017,Old,2.0,218
3.5075471698113163,E06000018,Old,2.0,5247
5.673089005235603,E06000019,Old,2.0,1910
4.181129032258062,E06000020,Old,2.0,620
4.313828164717844,E06000021,Old,2.0,1967
3.61593658740092,E06000022,Old,2.0,4794
2.9552430815258037,E06000023,Old,2.0,13370
3.4824751316559377,E06000024,Old,2.0,3418
4.203124999999997,E06000025,Old,2.0,928
2.9771971852073635,E06000026,Old,2.0,6679
3.2882277397260258,E06000027,Old,2.0,4672
3.343269230769231,E06000030,Old,2.0,1352
3.7591680814940585,E06000031,Old,2.0,1178
3.005884917175239,E06000032,Old,2.0,2294
3.134078765090047,E06000033,Old,2.0,5053
3.6962666666666664,E06000034,Old,2.0,375
3.390918918918918,E06000035,Old,2.0,2775
4.13173076923077,E06000036,Old,2.0,104
4.611021814006893,E06000037,Old,2.0,871
2.9586190809423862,E06000038,Old,2.0,4287
3.254323001631322,E06000039,Old,2.0,613
3.5752951096121404,E06000040,Old,2.0,1186
4.012286689419795,E06000041,Old,2.0,293
4.654713493530498,E06000042,Old,2.0,541
2.843648641987479,E06000043,Old,2.0,20287
3.1346938775510216,E06000044,Old,2.0,5880
2.9622529024160653,E06000045,Old,2.0,3187
3.9483639265762185,E06000046,Old,2.0,2506
5.248599392507591,E06000047,Old,2.0,2963
4.578450033990484,E06000049,Old,2.0,2942
4.0967329545454545,E06000050,Old,2.0,2112
5.40150328844347,E06000051,Old,2.0,3193
5.858353535353529,E06000052,Old,2.0,9900
4.964179104477612,E06000053,Old,2.0,67
4.3686296399665085,E06000054,Old,2.0,3583
3.2941685477802842,E06000055,Old,2.0,2658
4.006796116504854,E06000056,Old,2.0,1133
5.685126799177514,E06000057,Old,2.0,2918
3.054943357363544,E06000058,Old,2.0,5826
4.3394640042038874,E06000059,Old,2.0,3806
3.4696062992125998,E06000060,Old,2.0,635
4.188045977011494,E06000061,Old,2.0,435
3.321206896551726,E06000062,Old,2.0,580
4.7633744855967075,E06000063,Old,2.0,243
5.127457627118644,E06000064,Old,2.0,295
3.7467857142857133,E06000065,Old,2.0,840
4.149003984063744,E06000066,Old,2.0,502
5.074879227053143,E07000004,Old,2.0,621
4.197272727272725,E07000005,Old,2.0,220
4.574137931034482,E07000006,Old,2.0,174
3.984224598930481,E07000007,Old,2.0,748
3.319999999999999,E07000008,Old,2.0,1110
4.96907894736842,E07000009,Old,2.0,456
4.948167539267017,E07000010,Old,2.0,764
4.016626213592232,E07000011,Old,2.0,824
4.864233576642335,E07000012,Old,2.0,411
6.380136319376829,E07000026,Old,2.0,1027
4.821292217327464,E07000027,Old,2.0,1362
5.906340956340958,E07000028,Old,2.0,962
6.357142857142857,E07000029,Old,2.0,553
9.0976290097629,E07000030,Old,2.0,717
5.843566433566435,E07000031,Old,2.0,1430
4.682518043303927,E07000032,Old,2.0,1247
5.339384615384616,E07000033,Old,2.0,325
3.9482419127988737,E07000034,Old,2.0,711
5.383005780346819,E07000035,Old,2.0,865
4.336578707916285,E07000036,Old,2.0,1099
3.967136563876651,E07000037,Old,2.0,1135
5.248742138364779,E07000038,Old,2.0,318
5.231639722863742,E07000039,Old,2.0,433
4.57438173747622,E07000040,Old,2.0,1577
3.1535127737226265,E07000041,Old,2.0,2192
5.6519337016574624,E07000042,Old,2.0,905
4.696357615894036,E07000043,Old,2.0,1812
5.385923217550275,E07000044,Old,2.0,1094
4.020539798719121,E07000045,Old,2.0,2186
5.880696202531646,E07000046,Old,2.0,1264
6.493245033112577,E07000047,Old,2.0,755
3.062310672772105,E07000061,Old,2.0,2839
3.1400889344963243,E07000062,Old,2.0,5847
3.6033916849015335,E07000063,Old,2.0,914
3.981610044313145,E07000064,Old,2.0,1354
4.841121495327104,E07000065,Old,2.0,749
4.10375,E07000066,Old,2.0,80
4.81735668789809,E07000067,Old,2.0,628
3.955470737913486,E07000068,Old,2.0,393
4.257352941176471,E07000069,Old,2.0,68
4.683106267029972,E07000070,Old,2.0,367
4.107601713062097,E07000071,Old,2.0,934
4.040374331550802,E07000072,Old,2.0,374
3.153030303030303,E07000073,Old,2.0,66
5.009422492401219,E07000074,Old,2.0,329
4.188235294117646,E07000075,Old,2.0,153
4.203984674329502,E07000076,Old,2.0,1305
4.6531609195402295,E07000077,Old,2.0,348
3.3782230424466118,E07000078,Old,2.0,3793
5.136248415716097,E07000079,Old,2.0,789
5.997337278106506,E07000080,Old,2.0,676
3.233798076923078,E07000081,Old,2.0,2080
4.980577689243028,E07000082,Old,2.0,1004
4.5804597701149445,E07000083,Old,2.0,348
5.002906976744187,E07000084,Old,2.0,344
4.759454191033139,E07000085,Old,2.0,513
3.3280575539568344,E07000086,Old,2.0,417
4.757788944723619,E07000087,Old,2.0,199
3.7223194748358877,E07000088,Old,2.0,457
4.051239669421488,E07000089,Old,2.0,121
3.7435820895522385,E07000090,Old,2.0,335
4.380089820359283,E07000091,Old,2.0,668
3.0772397094431008,E07000092,Old,2.0,826
4.758055555555553,E07000093,Old,2.0,360
3.894481236203091,E07000094,Old,2.0,906
3.759360730593606,E07000095,Old,2.0,219
3.7899628252788102,E07000096,Old,2.0,538
3.339430894308944,E07000098,Old,2.0,246
3.8054597701149424,E07000099,Old,2.0,696
3.7270588235294126,E07000102,Old,2.0,170
3.04809052333805,E07000103,Old,2.0,1414
4.3453093812375245,E07000105,Old,2.0,501
3.4096342091705307,E07000106,Old,2.0,1941
3.0097260273972615,E07000107,Old,2.0,730
3.4769599999999987,E07000108,Old,2.0,1875
3.2477591036414575,E07000109,Old,2.0,1428
3.4493726937269384,E07000110,Old,2.0,1355
4.034349919743179,E07000111,Old,2.0,623
3.209577981651377,E07000112,Old,2.0,2725
4.136073059360733,E07000113,Old,2.0,1314
3.1856375358166193,E07000114,Old,2.0,5584
4.275743348982785,E07000115,Old,2.0,639
3.4762242485646704,E07000116,Old,2.0,2961
4.75139240506329,E07000117,Old,2.0,1185
4.76832504145937,E07000118,Old,2.0,603
3.738097469540768,E07000119,Old,2.0,2134
5.054407836153161,E07000120,Old,2.0,1123
3.8166532582461774,E07000121,Old,2.0,2486
5.173323823109843,E07000122,Old,2.0,1402
3.77183014354067,E07000123,Old,2.0,1672
5.1290748898678435,E07000124,Old,2.0,454
4.168360995850621,E07000125,Old,2.0,964
4.11217183770883,E07000126,Old,2.0,419
6.799196787148593,E07000127,Old,2.0,249
3.587691001697793,E07000128,Old,2.0,1178
5.414606741573033,E07000129,Old,2.0,178
4.234088200238378,E07000130,Old,2.0,839
5.264410480349344,E07000131,Old,2.0,458
4.5106481481481495,E07000132,Old,2.0,432
4.735280898876406,E07000133,Old,2.0,445
4.854776119402987,E07000134,Old,2.0,670
3.9057142857142852,E07000135,Old,2.0,245
4.586510263929621,E07000136,Old,2.0,682
5.0589264173703254,E07000137,Old,2.0,1658
3.9012355212355216,E07000138,Old,2.0,1295
5.966145833333333,E07000139,Old,2.0,384
5.317295597484276,E07000140,Old,2.0,636
5.248003629764066,E07000141,Old,2.0,1102
5.51189591078067,E07000142,Old,2.0,538
5.318562091503269,E07000143,Old,2.0,765
5.977704918032786,E07000144,Old,2.0,305
3.7485334555453735,E07000145,Old,2.0,2182
5.700839630562552,E07000146,Old,2.0,1191
5.541705069124424,E07000147,Old,2.0,1302
3.399679193400549,E07000148,Old,2.0,2182
6.676851851851852,E07000149,Old,2.0,540
4.886363636363637,E07000150,Old,2.0,22
5.927392739273927,E07000151,Old,2.0,303
5.690632318501172,E07000152,Old,2.0,427
4.224281609195404,E07000153,Old,2.0,696
3.7211462450592867,E07000154,Old,2.0,1518
5.2938547486033505,E07000155,Old,2.0,358
3.9127314814814813,E07000156,Old,2.0,432
5.630536451169191,E07000163,Old,2.0,727
5.899677938808372,E07000164,Old,2.0,621
4.056823529411764,E07000165,Old,2.0,2550
6.741201716738194,E07000166,Old,2.0,466
7.343181818181813,E07000167,Old,2.0,572
3.9258514347009967,E07000168,Old,2.0,3729
5.792961165048541,E07000169,Old,2.0,412
4.645803698435277,E07000170,Old,2.0,703
4.676210826210826,E07000171,Old,2.0,702
4.752508361204013,E07000172,Old,2.0,598
4.421010101010102,E07000173,Old,2.0,495
4.0783166904422234,E07000174,Old,2.0,701
4.925373134328358,E07000175,Old,2.0,670
3.8689189189189204,E07000176,Old,2.0,814
3.977331759149941,E07000177,Old,2.0,847
3.2272727272727266,E07000178,Old,2.0,1485
4.995665171898355,E07000179,Old,2.0,669
4.177980132450331,E07000180,Old,2.0,604
5.092047713717692,E07000181,Old,2.0,503
4.6627483443708595,E07000187,Old,2.0,1208
4.906742640075973,E07000188,Old,2.0,1053
5.425464556090846,E07000189,Old,2.0,1453
3.9703773584905613,E07000192,Old,2.0,530
4.8604916593503065,E07000193,Old,2.0,1139
4.942160278745645,E07000194,Old,2.0,287
4.898586572438164,E07000195,Old,2.0,566
6.625668449197861,E07000196,Old,2.0,187
4.43288948069241,E07000197,Old,2.0,751
5.316159250585479,E07000198,Old,2.0,854
3.9789115646258493,E07000199,Old,2.0,294
5.624080882352942,E07000200,Old,2.0,544
3.943130520117767,E07000202,Old,2.0,2038
6.694797687861271,E07000203,Old,2.0,519
3.3973443223443227,E07000207,Old,2.0,1092
3.7614987080103353,E07000208,Old,2.0,387
3.4610469591993827,E07000209,Old,2.0,1299
3.9998191681736004,E07000210,Old,2.0,553
3.3739173228346453,E07000211,Old,2.0,1016
3.6108108108108095,E07000212,Old,2.0,407
3.374520547945207,E07000213,Old,2.0,365
3.9159183673469373,E07000214,Old,2.0,245
4.095263157894737,E07000215,Old,2.0,380
4.130722891566265,E07000216,Old,2.0,830
3.2766129032258067,E07000217,Old,2.0,372
5.592162162162162,E07000218,Old,2.0,370
4.494135338345864,E07000219,Old,2.0,665
3.9921824104234527,E07000220,Old,2.0,921
4.9045828437132775,E07000221,Old,2.0,851
3.7793893129770986,E07000222,Old,2.0,2096
3.682905982905985,E07000223,Old,2.0,234
3.269010782934834,E07000224,Old,2.0,2133
4.951578947368418,E07000225,Old,2.0,760
3.97051282051282,E07000226,Old,2.0,78
4.521374045801528,E07000227,Old,2.0,524
3.513519091847264,E07000228,Old,2.0,969
3.1578050443081116,E07000229,Old,2.0,2934
4.982018927444796,E07000234,Old,2.0,317
4.722914218566392,E07000235,Old,2.0,851
4.056870229007632,E07000236,Old,2.0,262
3.8664718772826894,E07000237,Old,2.0,1369
4.648173207036535,E07000238,Old,2.0,739
4.620604395604393,E07000239,Old,2.0,728
3.314150943396225,E07000240,Old,2.0,848
3.2872483221476507,E07000241,Old,2.0,149
4.1412718204488765,E07000242,Old,2.0,802
3.630434782608696,E07000243,Old,2.0,69
4.2968539325842645,E07000244,Old,2.0,3560
4.878586956521739,E07000245,Old,2.0,920
5.128533046749062,E07000246,Old,2.0,1861
4.2788883908561175,E08000001,Old,2.0,2231
4.316331658291459,E08000002,Old,2.0,1194
3.307112783301978,E08000003,Old,2.0,11163
4.572511013215859,E08000004,Old,2.0,1135
3.7909530386740333,E08000005,Old,2.0,1448
3.5926124197002163,E08000006,Old,2.0,1868
3.7426829268292705,E08000007,Old,2.0,1968
4.0797927461139905,E08000008,Old,2.0,1737
4.015476190476189,E08000009,Old,2.0,1680
4.053488372093028,E08000010,Old,2.0,1935
4.577474402730375,E08000011,Old,2.0,293
3.3836761888898206,E08000012,Old,2.0,12007
3.8848552338530045,E08000013,Old,2.0,898
3.56717513033404,E08000014,Old,2.0,5179
3.6569749039113697,E08000015,Old,2.0,4423
4.164745196324143,E08000016,Old,2.0,1197
4.039587525150905,E08000017,Old,2.0,1988
4.510658914728685,E08000018,Old,2.0,1032
4.053305461196762,E08000019,Old,2.0,3827
3.11552719538134,E08000021,Old,2.0,3291
3.508277634961437,E08000022,Old,2.0,1945
3.2277212216131566,E08000023,Old,2.0,1277
3.5795712893796687,E08000024,Old,2.0,3079
3.5010357065256725,E08000025,Old,2.0,13807
3.700507614213195,E08000026,Old,2.0,2167
4.098882681564244,E08000027,Old,2.0,1432
3.9530706243602896,E08000028,Old,2.0,1954
4.162000000000001,E08000029,Old,2.0,350
4.157328145265888,E08000030,Old,2.0,1542
4.04088330632091,E08000031,Old,2.0,2468
4.363802927047257,E08000032,Old,2.0,8951
4.696755774720995,E08000033,Old,2.0,3853
3.938261005307521,E08000034,Old,2.0,6406
3.4354339096943356,E08000035,Old,2.0,12203
4.170530344450519,E08000036,Old,2.0,1829
3.7691126279863485,E08000037,Old,2.0,1172
2.476794258373207,E09000001,Old,2.0,836
3.1521604938271603,E09000002,Old,2.0,648
2.792897534494458,E09000003,Old,2.0,4421
3.4476571428571416,E09000004,Old,2.0,875
2.5814226199660575,E09000005,Old,2.0,6481
2.8689545934530103,E09000006,Old,2.0,4735
2.4718839319000874,E09000007,Old,2.0,16094
2.854166168559472,E09000008,Old,2.0,8365
2.6660364145658253,E09000009,Old,2.0,7140
3.0687889077532535,E09000010,Old,2.0,3534
2.8965616045845253,E09000011,Old,2.0,4188
2.383022286646127,E09000012,Old,2.0,11038
2.3923499577345715,E09000013,Old,2.0,14196
2.6413208983631478,E09000014,Old,2.0,10508
2.883694978301301,E09000015,Old,2.0,1613
3.557602862254025,E09000016,Old,2.0,559
3.0855227882037535,E09000017,Old,2.0,746
2.7630627437079056,E09000018,Old,2.0,2821
2.3965785931855246,E09000019,Old,2.0,14117
2.5921217547000936,E09000020,Old,2.0,18989
2.970007032348801,E09000021,Old,2.0,2844
2.576097654502462,E09000022,Old,2.0,15647
2.6997349739706604,E09000023,Old,2.0,10565
2.8340161725067397,E09000024,Old,2.0,3710
2.825913355959274,E09000025,Old,2.0,5009
2.7772151898734148,E09000026,Old,2.0,4108
2.953045685279189,E09000027,Old,2.0,4728
2.5904860088365265,E09000028,Old,2.0,10185
3.134346103038309,E09000029,Old,2.0,1514
2.6226679841897256,E09000030,Old,2.0,5060
2.7939768107212775,E09000031,Old,2.0,6641
2.6482979413195022,E09000032,Old,2.0,12338
2.478824549810006,E09000033,Old,2.0,24212
7.315861214374223,W06000001,Old,2.0,807
6.487591836734697,W06000002,Old,2.0,2450
3.9674770039421814,W06000003,Old,2.0,3044
4.18478691774034,W06000004,Old,2.0,2018
4.6918412348401315,W06000005,Old,2.0,907
4.636929460580913,W06000006,Old,2.0,723
5.751878354203931,W06000008,Old,2.0,1677
5.828752501667779,W06000009,Old,2.0,1499
6.448866498740559,W06000010,Old,2.0,1985
3.430559473436765,W06000011,Old,2.0,2127
4.469624217118998,W06000012,Old,2.0,958
3.803085714285714,W06000013,Old,2.0,875
3.391105569409808,W06000014,Old,2.0,1203
2.615817382307295,W06000015,Old,2.0,7732
4.347821229050282,W06000016,Old,2.0,2685
3.8448563484708065,W06000018,Old,2.0,1079
4.269745222929935,W06000019,Old,2.0,628
4.584383561643834,W06000020,Old,2.0,365
4.605547850208042,W06000021,Old,2.0,721
3.2215864022662872,W06000022,Old,2.0,1765
5.91899441340782,W06000023,Old,2.0,1969
4.074438687392057,W06000024,Old,2.0,579
4.773668384879723,E06000001,Old,3.0,2328
4.271639871382637,E06000002,Old,3.0,3110
4.460738803530564,E06000003,Old,3.0,3059
4.668115942028985,E06000004,Old,3.0,2415
4.543361078081647,E06000005,Old,3.0,2523
3.787478108581437,E06000006,Old,3.0,1142
3.8047318611987384,E06000007,Old,3.0,2536
4.858574257425742,E06000008,Old,3.0,2525
4.112363261093917,E06000009,Old,3.0,4845
3.7600270087778527,E06000010,Old,3.0,8886
4.732438437326418,E06000011,Old,3.0,5401
4.285882352941173,E06000012,Old,3.0,2635
4.569271224643126,E06000013,Old,3.0,1331
3.819436619718308,E06000014,Old,3.0,3550
4.269929781082196,E06000015,Old,3.0,2421
4.314438153310106,E06000016,Old,3.0,4592
5.444195519348269,E06000017,Old,3.0,491
3.981098238374858,E06000018,Old,3.0,6301
6.040024783147459,E06000019,Old,3.0,2421
4.480792316926772,E06000020,Old,3.0,833
4.292761173567316,E06000021,Old,3.0,3647
4.112657200811363,E06000022,Old,3.0,4930
3.590291716847318,E06000023,Old,3.0,14946
4.113594867999013,E06000024,Old,3.0,4053
4.646358118361154,E06000025,Old,3.0,1318
3.4656378309500218,E06000026,Old,3.0,7063
3.73971508741636,E06000027,Old,3.0,4633
3.8195244627343383,E06000030,Old,3.0,2187
4.311370262390672,E06000031,Old,3.0,1372
3.7281867145421907,E06000032,Old,3.0,1671
3.6982246952835225,E06000033,Old,3.0,7548
3.8302395209580844,E06000034,Old,3.0,1002
3.8362802080146796,E06000035,Old,3.0,3269
4.6173553719008265,E06000036,Old,3.0,242
5.145783132530124,E06000037,Old,3.0,1245
3.6335436382754955,E06000038,Old,3.0,2853
3.6560664112388253,E06000039,Old,3.0,783
4.144225481209896,E06000040,Old,3.0,2182
4.353875968992246,E06000041,Old,3.0,516
4.503526448362723,E06000042,Old,3.0,1191
3.4733286541498525,E06000043,Old,3.0,17097
3.3425404831430816,E06000044,Old,3.0,7534
3.430933668657651,E06000045,Old,3.0,3181
4.215312310491204,E06000046,Old,3.0,3298
4.478744343078804,E06000047,Old,3.0,13921
4.269664634146336,E06000049,Old,3.0,6560
4.379269449715368,E06000050,Old,3.0,4216
5.65551771117166,E06000051,Old,3.0,4404
5.672315690663579,E06000052,Old,3.0,13849
5.377777777777777,E06000053,Old,3.0,72
4.85229483023375,E06000054,Old,3.0,5861
4.192998551424432,E06000055,Old,3.0,2071
3.909557344064388,E06000056,Old,3.0,2982
5.353011315245163,E06000057,Old,3.0,8219
3.5993734015345287,E06000058,Old,3.0,7820
4.6729811454998185,E06000059,Old,3.0,5622
3.9494854202401366,E06000060,Old,3.0,1166
3.9698,E06000061,Old,3.0,1000
4.00828025477707,E06000062,Old,3.0,1256
4.224422442244226,E06000063,Old,3.0,606
4.7492091388400715,E06000064,Old,3.0,569
4.389110225763611,E06000065,Old,3.0,1506
4.044822888283378,E06000066,Old,3.0,734
4.743936877076414,E07000004,Old,3.0,1204
4.662234042553192,E07000005,Old,3.0,564
5.0045698924731195,E07000006,Old,3.0,372
4.430487804878049,E07000007,Old,3.0,984
3.8819132253005764,E07000008,Old,3.0,1913
4.753155818540435,E07000009,Old,3.0,1014
4.826275264677574,E07000010,Old,3.0,1039
4.580979827089336,E07000011,Old,3.0,1388
5.13228962818004,E07000012,Old,3.0,1022
5.6786292039165565,E07000026,Old,3.0,2349
4.1856951871657735,E07000027,Old,3.0,2992
4.8733146067415705,E07000028,Old,3.0,2136
4.923510773130542,E07000029,Old,3.0,1578
7.409106382978722,E07000030,Old,3.0,1175
5.675484606613455,E07000031,Old,3.0,2631
4.489924749163878,E07000032,Old,3.0,2392
4.818472652218785,E07000033,Old,3.0,969
4.188608776844071,E07000034,Old,3.0,1071
5.255677454744923,E07000035,Old,3.0,1823
4.674125412541255,E07000036,Old,3.0,1515
4.179818594104304,E07000037,Old,3.0,2205
4.793261868300152,E07000038,Old,3.0,653
4.818464528668609,E07000039,Old,3.0,1029
4.445355765860497,E07000040,Old,3.0,2853
3.7240048250904723,E07000041,Old,3.0,2487
5.250284495021337,E07000042,Old,3.0,1406
4.653380782918148,E07000043,Old,3.0,2529
5.228872312417728,E07000044,Old,3.0,2279
4.220067817509248,E07000045,Old,3.0,3244
5.385112059765208,E07000046,Old,3.0,1874
6.048469006721429,E07000047,Old,3.0,1339
3.6118761274804583,E07000061,Old,3.0,3326
3.537057086614177,E07000062,Old,3.0,6096
4.1347636363636395,E07000063,Old,3.0,1375
4.146974951830442,E07000064,Old,3.0,2595
4.908729050279328,E07000065,Old,3.0,1432
4.678231292517006,E07000066,Old,3.0,147
4.651304347826084,E07000067,Old,3.0,1495
4.133097165991903,E07000068,Old,3.0,988
4.3005555555555555,E07000069,Old,3.0,180
4.319207048458149,E07000070,Old,3.0,1135
4.178300528084496,E07000071,Old,3.0,2083
4.422047244094487,E07000072,Old,3.0,1016
4.15679012345679,E07000073,Old,3.0,81
4.7598984771573605,E07000074,Old,3.0,788
4.302017291066282,E07000075,Old,3.0,347
4.550172117039589,E07000076,Old,3.0,2324
4.953855569155447,E07000077,Old,3.0,817
3.9433420365535223,E07000078,Old,3.0,3447
5.510825815405967,E07000079,Old,3.0,1441
5.124563017479301,E07000080,Old,3.0,1087
3.894462365591396,E07000081,Old,3.0,1860
5.252792696025781,E07000082,Old,3.0,1862
5.156666666666665,E07000083,Old,3.0,540
4.823662884927066,E07000084,Old,3.0,617
4.696521739130436,E07000085,Old,3.0,920
3.43616133518776,E07000086,Old,3.0,719
3.863513513513511,E07000087,Old,3.0,370
3.5382084095064,E07000088,Old,3.0,1094
4.240857142857143,E07000089,Old,3.0,350
4.077395577395578,E07000090,Old,3.0,407
4.789200329760922,E07000091,Old,3.0,1213
3.607636363636365,E07000092,Old,3.0,1100
4.935294117647057,E07000093,Old,3.0,748
4.518265541059092,E07000094,Old,3.0,1303
3.81082621082621,E07000095,Old,3.0,702
3.9660391566265036,E07000096,Old,3.0,1328
3.9608695652173904,E07000098,Old,3.0,713
3.9750990752972273,E07000099,Old,3.0,1514
4.264516129032258,E07000102,Old,3.0,496
3.78115031416143,E07000103,Old,3.0,2069
4.496063651591289,E07000105,Old,3.0,1194
3.884684684684686,E07000106,Old,3.0,2664
3.4725838264299798,E07000107,Old,3.0,1521
3.9498836532867982,E07000108,Old,3.0,3438
3.7465483234714014,E07000109,Old,3.0,1521
4.118267629094947,E07000110,Old,3.0,1801
4.432653061224492,E07000111,Old,3.0,1519
3.851039318807909,E07000112,Old,3.0,3993
4.068521303258146,E07000113,Old,3.0,1995
3.7154609101516907,E07000114,Old,3.0,6856
4.099088997897688,E07000115,Old,3.0,1427
4.162724757952975,E07000116,Old,3.0,2892
4.020316753278893,E07000117,Old,3.0,4041
4.291912384161752,E07000118,Old,3.0,1187
4.35316045380875,E07000119,Old,3.0,1851
4.513318368873922,E07000120,Old,3.0,2673
4.067371964414526,E07000121,Old,3.0,4159
4.422705718270572,E07000122,Old,3.0,3585
3.9554355400696832,E07000123,Old,3.0,2870
4.699565595134665,E07000124,Old,3.0,1151
4.31631863882444,E07000125,Old,3.0,2586
3.990594059405941,E07000126,Old,3.0,808
4.664731494920176,E07000127,Old,3.0,689
4.582582123758591,E07000128,Old,3.0,1309
5.057024793388431,E07000129,Old,3.0,363
4.579701739850871,E07000130,Old,3.0,1207
5.015225806451616,E07000131,Old,3.0,775
4.639811542991755,E07000132,Old,3.0,849
5.403141361256544,E07000133,Old,3.0,573
4.797655618431692,E07000134,Old,3.0,1237
4.088980716253447,E07000135,Old,3.0,363
4.956418219461696,E07000136,Old,3.0,966
5.235987002437045,E07000137,Old,3.0,2462
4.268755221386802,E07000138,Old,3.0,1197
5.765389876880985,E07000139,Old,3.0,731
5.1084093211752775,E07000140,Old,3.0,987
5.205386740331493,E07000141,Old,3.0,1448
5.507812500000002,E07000142,Old,3.0,1216
5.45933908045977,E07000143,Old,3.0,1392
5.594382022471913,E07000144,Old,3.0,712
4.160373263888892,E07000145,Old,3.0,2304
5.352130131680866,E07000146,Old,3.0,2582
5.208597830453999,E07000147,Old,3.0,2489
4.001840168243954,E07000148,Old,3.0,1902
5.87696526508227,E07000149,Old,3.0,1094
4.450434782608698,E07000150,Old,3.0,115
5.790909090909089,E07000151,Old,3.0,550
4.864298093587522,E07000152,Old,3.0,1154
4.540152038700759,E07000153,Old,3.0,1447
4.3885482938114455,E07000154,Old,3.0,3458
5.359811616954474,E07000155,Old,3.0,637
4.681378476420798,E07000156,Old,3.0,827
4.75151515151515,E07000163,Old,3.0,1584
5.698818897637793,E07000164,Old,3.0,1270
4.539097560975613,E07000165,Old,3.0,4100
6.522660653889518,E07000166,Old,3.0,887
6.437305699481865,E07000167,Old,3.0,965
4.671170970614424,E07000168,Old,3.0,4492
5.252114597544337,E07000169,Old,3.0,733
4.788223140495868,E07000170,Old,3.0,968
5.098091603053435,E07000171,Old,3.0,1048
4.487169441723798,E07000172,Old,3.0,1021
4.403864168618267,E07000173,Old,3.0,854
4.5584600760456295,E07000174,Old,3.0,1052
4.947993019197208,E07000175,Old,3.0,1146
4.49668202764977,E07000176,Old,3.0,1085
4.934388009991671,E07000177,Old,3.0,1201
3.9564608199273494,E07000178,Old,3.0,1927
4.79890034364261,E07000179,Old,3.0,1455
4.771072796934866,E07000180,Old,3.0,1044
5.4697111631537885,E07000181,Old,3.0,1281
4.869658367110598,E07000187,Old,3.0,1727
4.942625482625481,E07000188,Old,3.0,1295
4.993406593406593,E07000189,Old,3.0,2548
4.556970740103273,E07000192,Old,3.0,581
4.614084507042252,E07000193,Old,3.0,1704
4.524112426035504,E07000194,Old,3.0,676
4.364543168482816,E07000195,Old,3.0,1193
5.642946708463949,E07000196,Old,3.0,319
4.839695945945945,E07000197,Old,3.0,1184
4.771935853379152,E07000198,Old,3.0,1746
4.449019607843137,E07000199,Old,3.0,459
5.300822669104208,E07000200,Old,3.0,1094
4.239389534883723,E07000202,Old,3.0,2752
6.142684063373719,E07000203,Old,3.0,1073
3.952605763335379,E07000207,Old,3.0,1631
3.921230769230768,E07000208,Old,3.0,650
4.358757062146894,E07000209,Old,3.0,1416
4.582401656314699,E07000210,Old,3.0,966
4.052983293556085,E07000211,Old,3.0,1257
4.117796610169492,E07000212,Old,3.0,826
3.806351550960117,E07000213,Old,3.0,677
4.545363408521302,E07000214,Old,3.0,399
4.386526576019776,E07000215,Old,3.0,809
4.214393463230673,E07000216,Old,3.0,1591
4.159083469721767,E07000217,Old,3.0,611
4.792000000000002,E07000218,Old,3.0,725
4.488522727272727,E07000219,Old,3.0,880
4.218697674418605,E07000220,Old,3.0,1075
5.197204045211182,E07000221,Old,3.0,1681
4.4197111913357405,E07000222,Old,3.0,2770
3.9189526184538654,E07000223,Old,3.0,401
3.8730417090539144,E07000224,Old,3.0,1966
5.122989377845221,E07000225,Old,3.0,1318
4.515702479338842,E07000226,Old,3.0,121
4.913982102908278,E07000227,Old,3.0,894
4.231415929203541,E07000228,Old,3.0,1356
3.7259329061439908,E07000229,Old,3.0,2653
4.781544256120526,E07000234,Old,3.0,531
5.339818319454959,E07000235,Old,3.0,1321
4.567834394904459,E07000236,Old,3.0,314
4.294266917293234,E07000237,Old,3.0,1064
4.98954468802698,E07000238,Old,3.0,1186
4.811409395973155,E07000239,Old,3.0,1043
3.7366714353838795,E07000240,Old,3.0,2097
4.195571955719557,E07000241,Old,3.0,271
4.358845944474686,E07000242,Old,3.0,1837
4.213157894736842,E07000243,Old,3.0,114
4.812996873604284,E07000244,Old,3.0,4478
4.7962037037037035,E07000245,Old,3.0,2160
5.467124999999999,E07000246,Old,3.0,2400
3.860096057634578,E08000001,Old,3.0,4997
4.108810408921932,E08000002,Old,3.0,2690
3.633368083400162,E08000003,Old,3.0,12470
4.099346405228755,E08000004,Old,3.0,5355
3.7910225636101793,E08000005,Old,3.0,4166
3.845189908511232,E08000006,Old,3.0,3607
3.948711943793911,E08000007,Old,3.0,3416
3.812304687500002,E08000008,Old,3.0,5120
4.185332845647406,E08000009,Old,3.0,2734
4.099975639464069,E08000010,Old,3.0,4105
3.7415584415584404,E08000011,Old,3.0,539
3.5610282750710605,E08000012,Old,3.0,20053
3.8351238519343136,E08000013,Old,3.0,3593
4.051865099642302,E08000014,Old,3.0,5871
3.880197638603696,E08000015,Old,3.0,7792
3.9399723101265836,E08000016,Old,3.0,5056
4.360188179947077,E08000017,Old,3.0,3401
4.309435665914221,E08000018,Old,3.0,2215
4.175090057636886,E08000019,Old,3.0,5552
3.4829789151198427,E08000021,Old,3.0,11098
3.578979857050032,E08000022,Old,3.0,6156
3.4811361665221194,E08000023,Old,3.0,4612
4.021558132619688,E08000024,Old,3.0,6726
4.23642064144737,E08000025,Old,3.0,9728
3.801821086261981,E08000026,Old,3.0,3130
4.235152838427947,E08000027,Old,3.0,1832
4.28668893129771,E08000028,Old,3.0,2096
5.284988452655889,E08000029,Old,3.0,433
4.525306416726749,E08000030,Old,3.0,1387
4.2654769230769265,E08000031,Old,3.0,1625
4.497687561270973,E08000032,Old,3.0,17341
4.658593190880279,E08000033,Old,3.0,9781
3.9901413718303558,E08000034,Old,3.0,13369
4.257595735156468,E08000035,Old,3.0,24573
4.113961182179091,E08000036,Old,3.0,4534
3.5909279204639653,E08000037,Old,3.0,7242
3.3607985480943734,E09000001,Old,3.0,551
3.349412365866123,E09000002,Old,3.0,1957
3.33309337285623,E09000003,Old,3.0,9446
3.743067226890754,E09000004,Old,3.0,1904
3.063617399366451,E09000005,Old,3.0,12943
3.463185153215365,E09000006,Old,3.0,6951
3.1749532710280386,E09000007,Old,3.0,18190
3.3466016812734742,E09000008,Old,3.0,11182
3.1490023732091057,E09000009,Old,3.0,11377
3.537028975649569,E09000010,Old,3.0,7351
3.389189572116745,E09000011,Old,3.0,7058
2.943825392692874,E09000012,Old,3.0,11523
2.916343075493128,E09000013,Old,3.0,19366
3.1317128449203957,E09000014,Old,3.0,17649
3.3299343134188324,E09000015,Old,3.0,3197
3.790165165165166,E09000016,Old,3.0,1332
3.5623295454545416,E09000017,Old,3.0,1760
3.3911635081533698,E09000018,Old,3.0,4538
3.0900021048200403,E09000019,Old,3.0,14253
3.3647524839147347,E09000020,Old,3.0,22847
3.555102675793399,E09000021,Old,3.0,3214
3.0194913921861453,E09000022,Old,3.0,25442
3.211721513917637,E09000023,Old,3.0,14981
3.20268346923647,E09000024,Old,3.0,6745
3.124793464292271,E09000025,Old,3.0,10894
3.356218323586747,E09000026,Old,3.0,5130
3.5302829028290246,E09000027,Old,3.0,8130
3.1028194742276223,E09000028,Old,3.0,12591
3.6039421813403423,E09000029,Old,3.0,2283
3.2221357063403757,E09000030,Old,3.0,5394
3.0753908773743355,E09000031,Old,3.0,15478
3.128836691909469,E09000032,Old,3.0,23373
3.206296193826339,E09000033,Old,3.0,25301
5.8336088154270005,W06000001,Old,3.0,1815
5.482047181127547,W06000002,Old,3.0,5002
4.5276493256262045,W06000003,Old,3.0,4152
4.793994540491355,W06000004,Old,3.0,2198
4.689298669891172,W06000005,Old,3.0,1654
4.7637751561415715,W06000006,Old,3.0,1441
6.175506172839515,W06000008,Old,3.0,2025
5.567970565453137,W06000009,Old,3.0,2582
5.693393308968228,W06000010,Old,3.0,3557
4.005868459302326,W06000011,Old,3.0,5504
4.391550802139036,W06000012,Old,3.0,2805
4.110248447204964,W06000013,Old,3.0,2254
3.9826438848920835,W06000014,Old,3.0,2224
3.3188355039947433,W06000015,Old,3.0,9137
4.1081809657759045,W06000016,Old,3.0,8532
4.317639512508016,W06000018,Old,3.0,3118
4.361337683523652,W06000019,Old,3.0,3065
4.33665973665974,W06000020,Old,3.0,1443
5.1190436933223395,W06000021,Old,3.0,1213
3.8138678223185267,W06000022,Old,3.0,2769
5.930430068666423,W06000023,Old,3.0,2767
3.969636635141859,W06000024,Old,3.0,2009
5.033586497890301,E06000001,Old,4.0,2370
4.407314042251021,E06000002,Old,4.0,5633
5.111580790395196,E06000003,Old,4.0,3998
4.940494346568498,E06000004,Old,4.0,3803
4.715392717424011,E06000005,Old,4.0,6646
4.166867989646247,E06000006,Old,4.0,2318
4.014732045996965,E06000007,Old,4.0,4609
4.51845745688838,E06000008,Old,4.0,10554
4.542237812556216,E06000009,Old,4.0,5559
4.366695946793829,E06000010,Old,4.0,7969
5.349885367498313,E06000011,Old,4.0,7415
4.564050184976676,E06000012,Old,4.0,6217
5.2863844797178166,E06000013,Old,4.0,2835
4.21451724137931,E06000014,Old,4.0,5800
4.475687464441496,E06000015,Old,4.0,10546
4.550026048450111,E06000016,Old,4.0,15356
5.714848883048616,E06000017,Old,4.0,761
4.433442088091355,E06000018,Old,4.0,13486
6.611844895486222,E06000019,Old,4.0,3301
4.923878711307641,E06000020,Old,4.0,1583
4.267750015272766,E06000021,Old,4.0,16369
4.943351120597659,E06000022,Old,4.0,4685
4.315517241379306,E06000023,Old,4.0,17052
5.1524601524601525,E06000024,Old,4.0,2886
5.2119109947644,E06000025,Old,4.0,2292
4.348284118116519,E06000026,Old,4.0,6265
4.526121288692354,E06000027,Old,4.0,3166
4.003700059043493,E06000030,Old,4.0,5081
4.528616155291173,E06000031,Old,4.0,3194
4.390810674723066,E06000032,Old,4.0,3972
4.665094755398855,E06000033,Old,4.0,4538
4.060901518863301,E06000034,Old,4.0,2041
4.035764392839866,E06000035,Old,4.0,8268
4.845338983050848,E06000036,Old,4.0,472
5.547593865679534,E06000037,Old,4.0,1891
3.984038461538463,E06000038,Old,4.0,5200
4.427192982456141,E06000039,Old,4.0,798
4.824107142857143,E06000040,Old,4.0,2912
4.674349881796689,E06000041,Old,4.0,846
4.938264794383152,E06000042,Old,4.0,1994
4.410981358474396,E06000043,Old,4.0,9334
3.7032718800648294,E06000044,Old,4.0,9872
3.915183673469387,E06000045,Old,4.0,3675
4.7145848035756295,E06000046,Old,4.0,4251
5.092080935760778,E06000047,Old,4.0,21202
4.628520403607467,E06000049,Old,4.0,11199
4.639370078740159,E06000050,Old,4.0,7620
6.112018392262563,E06000051,Old,4.0,6307
6.127427455357146,E06000052,Old,4.0,14336
6.537313432835819,E06000053,Old,4.0,67
5.511216163709367,E06000054,Old,4.0,7721
4.909115739160124,E06000055,Old,4.0,2929
4.577082199237887,E06000056,Old,4.0,3674
6.32290892193309,E06000057,Old,4.0,8608
4.5204853812344705,E06000058,Old,4.0,5233
5.583105090800833,E06000059,Old,4.0,6718
4.399624530663332,E06000060,Old,4.0,1598
4.333727810650887,E06000061,Old,4.0,1690
4.40956733698964,E06000062,Old,4.0,1641
5.039517153748416,E06000063,Old,4.0,787
5.277353689567428,E06000064,Old,4.0,786
5.2913120567375875,E06000065,Old,4.0,1692
4.854385964912285,E06000066,Old,4.0,855
5.30334679746105,E07000004,Old,4.0,1733
5.30272822665268,E07000005,Old,4.0,953
5.336589698046181,E07000006,Old,4.0,563
4.8796598639455775,E07000007,Old,4.0,1470
4.346940757526707,E07000008,Old,4.0,3089
5.312317961165046,E07000009,Old,4.0,1648
5.232760180995476,E07000010,Old,4.0,2210
5.188331515812431,E07000011,Old,4.0,1834
5.065060240963852,E07000012,Old,4.0,1909
6.119209388511428,E07000026,Old,4.0,3238
4.176764833261157,E07000027,Old,4.0,4618
5.539099859353023,E07000028,Old,4.0,2844
5.9349025202092225,E07000029,Old,4.0,2103
8.60895432692307,E07000030,Old,4.0,1664
6.242781083620421,E07000031,Old,4.0,3193
4.961466613672496,E07000032,Old,4.0,5032
5.089245848080583,E07000033,Old,4.0,3673
4.428783991790658,E07000034,Old,4.0,3898
5.920081061164338,E07000035,Old,4.0,2714
4.769148936170209,E07000036,Old,4.0,4606
4.503833333333336,E07000037,Old,4.0,4200
4.836626613262122,E07000038,Old,4.0,2247
5.066681594267799,E07000039,Old,4.0,2233
5.265422077922077,E07000040,Old,4.0,3080
3.939992655159751,E07000041,Old,4.0,2723
6.0444159178433825,E07000042,Old,4.0,1558
5.846640826873386,E07000043,Old,4.0,2322
6.052170100832968,E07000044,Old,4.0,2281
4.918619109947646,E07000045,Old,4.0,3056
6.270622671633848,E07000046,Old,4.0,1879
6.4310767246937415,E07000047,Old,4.0,1551
4.400714569273522,E07000061,Old,4.0,2519
4.260106924643582,E07000062,Old,4.0,3928
5.061883691529712,E07000063,Old,4.0,1582
5.029396551724134,E07000064,Old,4.0,2320
5.514856373429079,E07000065,Old,4.0,2228
5.090393013100435,E07000066,Old,4.0,229
5.100519705500213,E07000067,Old,4.0,2309
4.733641975308643,E07000068,Old,4.0,972
5.387593984962407,E07000069,Old,4.0,266
4.577374872318691,E07000070,Old,4.0,1958
4.469571553482951,E07000071,Old,4.0,3431
5.114255167498219,E07000072,Old,4.0,1403
4.891878172588832,E07000073,Old,4.0,197
5.510557184750736,E07000074,Old,4.0,1023
5.198122065727703,E07000075,Old,4.0,639
5.075146198830409,E07000076,Old,4.0,2736
5.572021182700802,E07000077,Old,4.0,1133
4.531624214356596,E07000078,Old,4.0,3023
6.201703272075305,E07000079,Old,4.0,2231
6.034077555816686,E07000080,Old,4.0,1702
4.494756695586568,E07000081,Old,4.0,2651
5.593684668989549,E07000082,Old,4.0,2296
5.933923303834808,E07000083,Old,4.0,678
5.284982935153585,E07000084,Old,4.0,1172
5.354996299037749,E07000085,Old,4.0,1351
4.05530236634531,E07000086,Old,4.0,1141
4.141176470588234,E07000087,Old,4.0,714
3.59727536231884,E07000088,Old,4.0,1725
4.793181818181816,E07000089,Old,4.0,660
4.492156862745099,E07000090,Old,4.0,510
5.214537444933921,E07000091,Old,4.0,1816
4.4261569416498965,E07000092,Old,4.0,1491
5.4467306015693095,E07000093,Old,4.0,1147
5.212390350877194,E07000094,Old,4.0,1824
4.354072398190047,E07000095,Old,4.0,884
4.76729994242948,E07000096,Old,4.0,1737
4.80933040614709,E07000098,Old,4.0,911
4.208020369191595,E07000099,Old,4.0,3142
4.68978779840849,E07000102,Old,4.0,754
4.088710777626194,E07000103,Old,4.0,2932
4.985897435897435,E07000105,Old,4.0,1794
4.564411579609814,E07000106,Old,4.0,3178
3.937753378378383,E07000107,Old,4.0,2368
4.538221902707883,E07000108,Old,4.0,4173
4.153107822410147,E07000109,Old,4.0,2365
4.618042226487525,E07000110,Old,4.0,3126
4.889819775937654,E07000111,Old,4.0,2053
4.636517633990555,E07000112,Old,4.0,3601
4.337954939341419,E07000113,Old,4.0,4039
4.486855670103093,E07000114,Old,4.0,5044
4.314921561473916,E07000115,Old,4.0,2741
4.764332892998681,E07000116,Old,4.0,3785
4.543428258488493,E07000117,Old,4.0,10956
4.229479932165061,E07000118,Old,4.0,3538
5.190379746835442,E07000119,Old,4.0,1580
4.717793003218101,E07000120,Old,4.0,9633
4.720409145607702,E07000121,Old,4.0,4155
4.939568555048106,E07000122,Old,4.0,10291
4.094999999999993,E07000123,Old,4.0,5240
4.9274903805044845,E07000124,Old,4.0,2339
4.997077037404013,E07000125,Old,4.0,4037
4.199798792756539,E07000126,Old,4.0,1988
4.882940802036921,E07000127,Old,4.0,1571
4.918805093046032,E07000128,Old,4.0,2042
4.940016570008285,E07000129,Old,4.0,1207
4.890325918261771,E07000130,Old,4.0,3866
5.186843810758262,E07000131,Old,4.0,1543
4.908584035298838,E07000132,Old,4.0,2493
5.805194805194804,E07000133,Old,4.0,1232
5.261814345991558,E07000134,Old,4.0,2844
4.602161263507897,E07000135,Old,4.0,1203
5.378529411764709,E07000136,Old,4.0,1700
6.165258939580768,E07000137,Old,4.0,3244
4.455937667920474,E07000138,Old,4.0,3722
6.351169383416016,E07000139,Old,4.0,1411
5.490275336848274,E07000140,Old,4.0,1707
5.466134289439376,E07000141,Old,4.0,3068
5.455341638354094,E07000142,Old,4.0,2649
5.924287280701758,E07000143,Old,4.0,1824
5.796612903225806,E07000144,Old,4.0,1240
4.4073148705599,E07000145,Old,4.0,3322
6.129351335485762,E07000146,Old,4.0,3407
6.340595075239398,E07000147,Old,4.0,2924
4.04811631309437,E07000148,Old,4.0,5468
6.22302201070791,E07000149,Old,4.0,1681
5.278333333333336,E07000150,Old,4.0,180
6.28157575757576,E07000151,Old,4.0,825
5.352510683760687,E07000152,Old,4.0,1872
5.1305416826738375,E07000153,Old,4.0,2603
4.902225031605562,E07000154,Old,4.0,3955
6.045642201834861,E07000155,Old,4.0,872
5.000594059405942,E07000156,Old,4.0,1515
5.5530207829869465,E07000163,Old,4.0,2069
6.3705685618729095,E07000164,Old,4.0,1794
5.397155151804924,E07000165,Old,4.0,4183
7.939777983348751,E07000166,Old,4.0,1081
7.160816575258989,E07000167,Old,4.0,1641
5.79396060134785,E07000168,Old,4.0,3858
5.386768060836504,E07000169,Old,4.0,1315
5.327102386794559,E07000170,Old,4.0,4483
5.56776606596396,E07000171,Old,4.0,2941
4.736204431736953,E07000172,Old,4.0,2798
4.6921487603305785,E07000173,Old,4.0,3146
4.742094295389426,E07000174,Old,4.0,3839
5.130201048951049,E07000175,Old,4.0,2288
5.19861207494795,E07000176,Old,4.0,1441
5.6993024730500945,E07000177,Old,4.0,1577
4.566877637130807,E07000178,Old,4.0,2844
5.48283422459893,E07000179,Old,4.0,1870
5.566380789022298,E07000180,Old,4.0,1166
5.980105944673339,E07000181,Old,4.0,1699
5.653896430367019,E07000187,Old,4.0,1989
5.127172717271729,E07000188,Old,4.0,1818
5.581999999999999,E07000189,Old,4.0,2950
4.814793650793653,E07000192,Old,4.0,1575
4.868574272207021,E07000193,Old,4.0,4019
5.264547896150403,E07000194,Old,4.0,1117
4.639004815409311,E07000195,Old,4.0,3738
5.4961627906976736,E07000196,Old,4.0,860
5.220942928039703,E07000197,Old,4.0,2015
5.195819080197645,E07000198,Old,4.0,2631
4.894936708860758,E07000199,Old,4.0,1027
5.526970033296333,E07000200,Old,4.0,1802
4.238987483654017,E07000202,Old,4.0,5353
6.054777070063696,E07000203,Old,4.0,1727
4.7072995969547655,E07000207,Old,4.0,2233
4.3655629139072865,E07000208,Old,4.0,1057
4.909674693705111,E07000209,Old,4.0,2367
5.147742818057457,E07000210,Old,4.0,1462
4.967975206611572,E07000211,Old,4.0,1936
4.78675496688742,E07000212,Old,4.0,1359
4.520761245674738,E07000213,Old,4.0,867
4.966772151898737,E07000214,Old,4.0,632
5.16390753169277,E07000215,Old,4.0,1341
4.976720230737535,E07000216,Old,4.0,2427
4.503779697624192,E07000217,Old,4.0,926
5.277146386658427,E07000218,Old,4.0,1619
4.734287454323992,E07000219,Old,4.0,3284
4.591546391752575,E07000220,Old,4.0,2425
5.619114688128774,E07000221,Old,4.0,2485
4.895867184740375,E07000222,Old,4.0,2831
4.563179916317993,E07000223,Old,4.0,478
4.5561433447099,E07000224,Old,4.0,1758
5.4365221278498,E07000225,Old,4.0,2237
4.588389513108615,E07000226,Old,4.0,267
5.214373297002723,E07000227,Old,4.0,1468
5.028596087456844,E07000228,Old,4.0,1738
4.337543859649124,E07000229,Old,4.0,1710
5.276399560922062,E07000234,Old,4.0,911
5.717371794871795,E07000235,Old,4.0,1560
5.107312925170067,E07000236,Old,4.0,588
4.511706349206347,E07000237,Old,4.0,2520
5.345867542419265,E07000238,Old,4.0,1827
4.9113196480938415,E07000239,Old,4.0,1705
4.4337588028169055,E07000240,Old,4.0,2272
4.722448979591839,E07000241,Old,4.0,441
4.88663343905755,E07000242,Old,4.0,2207
4.196113074204948,E07000243,Old,4.0,283
4.950846252311189,E07000244,Old,4.0,7031
5.155062911923305,E07000245,Old,4.0,3338
5.694814319170292,E07000246,Old,4.0,2989
3.8520493214851457,E08000001,Old,4.0,14517
4.268682221491945,E08000002,Old,4.0,9129
3.9989986444531893,E08000003,Old,4.0,22869
4.261628867289251,E08000004,Old,4.0,15741
4.096221405228764,E08000005,Old,4.0,9792
3.971924592608367,E08000006,Old,4.0,9389
4.147073817292005,E08000007,Old,4.0,9808
3.9792011147236406,E08000008,Old,4.0,10765
4.647782258064519,E08000009,Old,4.0,4960
4.033518838354761,E08000010,Old,4.0,15633
4.298615548455807,E08000011,Old,4.0,939
4.017077212468645,E08000012,Old,4.0,22328
3.946993941277003,E08000013,Old,4.0,6437
4.694513297185634,E08000014,Old,4.0,7746
4.316360776088095,E08000015,Old,4.0,9535
4.478302456705598,E08000016,Old,4.0,9932
4.608813852813843,E08000017,Old,4.0,11550
4.497257465077538,E08000018,Old,4.0,7803
4.823389705202849,E08000019,Old,4.0,10821
4.129186018088486,E08000021,Old,4.0,8182
4.5477461139896365,E08000022,Old,4.0,3860
4.625596389426173,E08000023,Old,4.0,3102
4.755849858356944,E08000024,Old,4.0,7060
4.420691320546438,E08000025,Old,4.0,28988
3.8996781678018064,E08000026,Old,4.0,13361
4.499023001298463,E08000027,Old,4.0,5391
4.493790893310191,E08000028,Old,4.0,7489
5.2988402061855675,E08000029,Old,4.0,776
4.598066453914028,E08000030,Old,4.0,5327
4.218550458715595,E08000031,Old,4.0,5450
5.378644342425064,E08000032,Old,4.0,18515
5.512456284715085,E08000033,Old,4.0,9722
4.847499799341841,E08000034,Old,4.0,12459
4.844682605111286,E08000035,Old,4.0,16982
4.478798834990456,E08000036,Old,4.0,9957
4.487656057675401,E08000037,Old,4.0,5687
4.363551401869157,E09000001,Old,4.0,107
3.9367274167987305,E09000002,Old,4.0,2524
4.282841579664094,E09000003,Old,4.0,6609
4.254815455594006,E09000004,Old,4.0,3468
3.894394618834083,E09000005,Old,4.0,6690
4.405705758426965,E09000006,Old,4.0,5696
4.3269799122604455,E09000007,Old,4.0,8662
4.1723858759266435,E09000008,Old,4.0,10252
4.105543237250556,E09000009,Old,4.0,7216
4.262627143272304,E09000010,Old,4.0,6882
4.182808022922634,E09000011,Old,4.0,6282
3.856089063920023,E09000012,Old,4.0,6602
3.928241010689983,E09000013,Old,4.0,10290
3.9003845432376707,E09000014,Old,4.0,10662
4.428353787558186,E09000015,Old,4.0,2363
4.530583501006038,E09000016,Old,4.0,1988
4.261837837837838,E09000017,Old,4.0,2775
4.311484888304866,E09000018,Old,4.0,3805
3.9675213675213707,E09000019,Old,4.0,6786
4.701414526484751,E09000020,Old,4.0,9968
4.405586130985133,E09000021,Old,4.0,3634
3.874628007231271,E09000022,Old,4.0,14382
4.161624280230327,E09000023,Old,4.0,8336
4.165518400268859,E09000024,Old,4.0,5951
3.9676333789329656,E09000025,Old,4.0,10965
4.371736737838435,E09000026,Old,4.0,4543
4.319495133819956,E09000027,Old,4.0,6576
4.043969696969695,E09000028,Old,4.0,6600
4.2596613912403365,E09000029,Old,4.0,2717
4.0476423332169045,E09000030,Old,4.0,2863
3.8793155749360153,E09000031,Old,4.0,10549
3.952787038271769,E09000032,Old,4.0,14998
4.385493017350826,E09000033,Old,4.0,11815
6.418321342925659,W06000001,Old,4.0,2085
6.058885991058127,W06000002,Old,4.0,5368
5.278257214906135,W06000003,Old,4.0,3569
5.575251861585635,W06000004,Old,4.0,2283
5.087045813586091,W06000005,Old,4.0,3165
4.863100493378342,W06000006,Old,4.0,3851
7.2663872590109,W06000008,Old,4.0,2386
6.162241054613932,W06000009,Old,4.0,3186
6.266796412252501,W06000010,Old,4.0,5909
4.582012152041831,W06000011,Old,4.0,7077
4.9284560661411225,W06000012,Old,4.0,5201
4.722169811320751,W06000013,Old,4.0,4240
4.594657919400186,W06000014,Old,4.0,3201
4.228178604163938,W06000015,Old,4.0,7637
4.606771768402164,W06000016,Old,4.0,17824
4.727787889819198,W06000018,Old,4.0,8241
4.838815291445882,W06000019,Old,4.0,5284
4.695045871559638,W06000020,Old,4.0,2180
6.194718554551767,W06000021,Old,4.0,1439
4.193310048361094,W06000022,Old,4.0,3722
7.134193548387087,W06000023,Old,4.0,3255
4.492387267904508,W06000024,Old,4.0,3770
6.066433566433569,E06000001,Old,5.0,2288
5.068505683393409,E06000002,Old,5.0,3607
6.020894308943088,E06000003,Old,5.0,2460
5.371862821512081,E06000004,Old,5.0,2566
6.0145105895821365,E06000005,Old,5.0,3494
5.310757314974184,E06000006,Old,5.0,1162
5.199037580201651,E06000007,Old,5.0,2182
5.476453881525563,E06000008,Old,5.0,7394
5.311962276637993,E06000009,Old,5.0,6044
5.2348481991325615,E06000010,Old,5.0,5303
6.525153761236396,E06000011,Old,5.0,6341
5.017116742833402,E06000012,Old,5.0,7221
5.826304133858267,E06000013,Old,5.0,4064
5.3121167883211715,E06000014,Old,5.0,3425
5.220893507895811,E06000015,Old,5.0,7409
5.097294308463571,E06000016,Old,5.0,13564
6.830191693290741,E06000017,Old,5.0,626
5.431709064851315,E06000018,Old,5.0,11164
7.628007468658315,E06000019,Old,5.0,3749
5.610420711974109,E06000020,Old,5.0,1545
5.189657029987422,E06000021,Old,5.0,5569
5.65207113912652,E06000022,Old,5.0,4442
4.97208939340192,E06000023,Old,5.0,14095
6.056796667928819,E06000024,Old,5.0,2641
5.920844212358579,E06000025,Old,5.0,2298
5.150722891566267,E06000026,Old,5.0,4980
5.133444444444443,E06000027,Old,5.0,2700
4.511149068322984,E06000030,Old,5.0,3220
5.175326827471917,E06000031,Old,5.0,5431
5.041342189647276,E06000032,Old,5.0,4366
5.479652763074313,E06000033,Old,5.0,4723
4.6334693877551,E06000034,Old,5.0,1470
4.472965482489298,E06000035,Old,5.0,7938
5.704581673306773,E06000036,Old,5.0,502
6.291271140207305,E06000037,Old,5.0,1833
4.487226343405102,E06000038,Old,5.0,5527
4.983126787416587,E06000039,Old,5.0,1049
5.725991362387122,E06000040,Old,5.0,2547
5.826447219069241,E06000041,Old,5.0,881
5.531384120171677,E06000042,Old,5.0,1864
5.097548443922485,E06000043,Old,5.0,6812
4.2464734636871535,E06000044,Old,5.0,11456
4.330060476698683,E06000045,Old,5.0,5622
5.494335682589405,E06000046,Old,5.0,3831
6.096173134788985,E06000047,Old,5.0,12961
5.829234858022102,E06000049,Old,5.0,7149
5.7376360225140735,E06000050,Old,5.0,5330
7.236296296296298,E06000051,Old,5.0,6345
6.9149854227405205,E06000052,Old,5.0,13720
7.722077922077921,E06000053,Old,5.0,77
6.408561733228914,E06000054,Old,5.0,7662
5.366170886075953,E06000055,Old,5.0,3160
5.56474587245063,E06000056,Old,5.0,3089
7.452912155680419,E06000057,Old,5.0,7297
5.16303152492669,E06000058,Old,5.0,5456
6.442240151874704,E06000059,Old,5.0,6321
5.0695061728395086,E06000060,Old,5.0,1620
4.94503311258278,E06000061,Old,5.0,1208
5.075000000000004,E06000062,Old,5.0,1344
6.497750865051904,E06000063,Old,5.0,578
6.8217028380634375,E06000064,Old,5.0,599
6.599175824175828,E06000065,Old,5.0,1456
5.676703967446592,E06000066,Old,5.0,983
6.455622489959839,E07000004,Old,5.0,1494
6.1309070548712254,E07000005,Old,5.0,893
6.421771217712178,E07000006,Old,5.0,542
5.510441988950273,E07000007,Old,5.0,1810
4.89844606946983,E07000008,Old,5.0,3282
6.035774647887322,E07000009,Old,5.0,1420
6.028653421633555,E07000010,Old,5.0,2265
6.133353257621041,E07000011,Old,5.0,1673
5.9794212218649525,E07000012,Old,5.0,1866
7.820956454121305,E07000026,Old,5.0,2572
5.28521739130435,E07000027,Old,5.0,2070
7.083281596452321,E07000028,Old,5.0,2255
7.395800316957211,E07000029,Old,5.0,1262
9.458877964141125,E07000030,Old,5.0,1729
7.515447991761079,E07000031,Old,5.0,2913
5.780675,E07000032,Old,5.0,4000
5.590991810737022,E07000033,Old,5.0,3297
5.3745078740157535,E07000034,Old,5.0,2032
7.091298969072168,E07000035,Old,5.0,2425
5.763793666340185,E07000036,Old,5.0,3063
5.8484126984127025,E07000037,Old,5.0,2898
6.326174981923355,E07000038,Old,5.0,1383
6.120415224913493,E07000039,Old,5.0,1734
6.160443275732533,E07000040,Old,5.0,2662
4.456954487452147,E07000041,Old,5.0,2351
6.622202694786177,E07000042,Old,5.0,1707
6.276357056694812,E07000043,Old,5.0,2487
7.068150684931505,E07000044,Old,5.0,2044
5.873841059602645,E07000045,Old,5.0,2416
7.073048433048434,E07000046,Old,5.0,1755
7.488833922261478,E07000047,Old,5.0,1415
4.994954128440364,E07000061,Old,5.0,1962
5.174887156339763,E07000062,Old,5.0,2437
5.641609719058466,E07000063,Old,5.0,1317
6.063460443938534,E07000064,Old,5.0,1757
6.22750740584003,E07000065,Old,5.0,2363
6.037383177570093,E07000066,Old,5.0,214
6.106065400843877,E07000067,Old,5.0,1896
5.737543859649121,E07000068,Old,5.0,570
6.3121212121212125,E07000069,Old,5.0,231
5.724983776768334,E07000070,Old,5.0,1541
5.133038999264161,E07000071,Old,5.0,2718
6.051612903225807,E07000072,Old,5.0,1271
5.910909090909091,E07000073,Old,5.0,165
6.464415584415586,E07000074,Old,5.0,770
5.799344978165938,E07000075,Old,5.0,458
5.886654724585757,E07000076,Old,5.0,2233
6.585119574844996,E07000077,Old,5.0,1129
5.293293464331483,E07000078,Old,5.0,2341
7.234882710686355,E07000079,Old,5.0,2302
7.016584564860432,E07000080,Old,5.0,1827
5.09045768566494,E07000081,Old,5.0,2316
6.314907872696818,E07000082,Old,5.0,2388
6.833066666666668,E07000083,Old,5.0,750
5.988954781319495,E07000084,Old,5.0,1349
5.983999999999999,E07000085,Old,5.0,1450
4.182424593967515,E07000086,Old,5.0,1724
4.791411042944786,E07000087,Old,5.0,652
4.211754537597233,E07000088,Old,5.0,1157
5.817625899280572,E07000089,Old,5.0,556
5.032968749999999,E07000090,Old,5.0,640
5.83860535624053,E07000091,Old,5.0,1979
5.190118870728088,E07000092,Old,5.0,1346
6.173447712418302,E07000093,Old,5.0,1224
5.780658227848104,E07000094,Old,5.0,1975
5.032026143790849,E07000095,Old,5.0,612
5.6220218931101105,E07000096,Old,5.0,1553
5.7246338215712385,E07000098,Old,5.0,751
5.082147838214781,E07000099,Old,5.0,2868
5.550674662668666,E07000102,Old,5.0,667
4.657180043383953,E07000103,Old,5.0,2305
5.726479750778816,E07000105,Old,5.0,1605
5.27152828802351,E07000106,Old,5.0,2722
4.5303641092327736,E07000107,Old,5.0,1538
5.450587828492395,E07000108,Old,5.0,2892
5.03276059564719,E07000109,Old,5.0,1746
5.446907414521711,E07000110,Old,5.0,2603
5.857887874837026,E07000111,Old,5.0,1534
5.70581761006289,E07000112,Old,5.0,2544
5.096594005449584,E07000113,Old,5.0,2936
5.3507454128440415,E07000114,Old,5.0,3488
5.4179589509692185,E07000115,Old,5.0,1754
5.681633333333334,E07000116,Old,5.0,3000
5.648951291385007,E07000117,Old,5.0,5769
5.05911808669656,E07000118,Old,5.0,2676
5.726763348714568,E07000119,Old,5.0,1517
5.592352573452796,E07000120,Old,5.0,4799
5.8033168859649145,E07000121,Old,5.0,3648
6.045560812691345,E07000122,Old,5.0,7186
4.88968642378104,E07000123,Old,5.0,5517
6.323310023310024,E07000124,Old,5.0,1716
6.473099226804129,E07000125,Old,5.0,3104
4.922681564245809,E07000126,Old,5.0,1790
6.223025830258299,E07000127,Old,5.0,1355
5.811331444759213,E07000128,Old,5.0,1765
5.640863787375412,E07000129,Old,5.0,903
5.493781094527363,E07000130,Old,5.0,3216
6.333261183261182,E07000131,Old,5.0,1386
5.93203371970495,E07000132,Old,5.0,1898
6.903471552555446,E07000133,Old,5.0,1037
6.5833619948409305,E07000134,Old,5.0,2326
5.281446540880505,E07000135,Old,5.0,636
6.232202580028668,E07000136,Old,5.0,2093
7.533386428798984,E07000137,Old,5.0,3139
5.079365079365078,E07000138,Old,5.0,4599
7.104482758620688,E07000139,Old,5.0,1450
6.6762500000000005,E07000140,Old,5.0,1760
6.376441102756896,E07000141,Old,5.0,3192
6.502767792954712,E07000142,Old,5.0,2782
6.943804824561406,E07000143,Old,5.0,1824
6.551263001485881,E07000144,Old,5.0,1346
4.965767386091124,E07000145,Old,5.0,3336
7.123119435062941,E07000146,Old,5.0,3257
7.310060649304316,E07000147,Old,5.0,2803
4.448000557335934,E07000148,Old,5.0,7177
7.00440220110055,E07000149,Old,5.0,1999
6.522147651006712,E07000150,Old,5.0,149
7.179661016949155,E07000151,Old,5.0,885
6.093459204315577,E07000152,Old,5.0,1483
5.804669464847847,E07000153,Old,5.0,1906
5.445168397859617,E07000154,Old,5.0,3177
7.254666666666664,E07000155,Old,5.0,900
5.529867986798679,E07000156,Old,5.0,1212
6.792846034214618,E07000163,Old,5.0,1929
7.858495460440985,E07000164,Old,5.0,1542
6.995982694684798,E07000165,Old,5.0,3236
9.268937329700272,E07000166,Old,5.0,1101
8.264381884944916,E07000167,Old,5.0,1634
7.048655172413796,E07000168,Old,5.0,2900
6.402201257861634,E07000169,Old,5.0,1272
5.795911379657605,E07000170,Old,5.0,4965
6.2226706036745405,E07000171,Old,5.0,3048
5.737363966142686,E07000172,Old,5.0,2481
5.680625706747078,E07000173,Old,5.0,2653
5.513493823249918,E07000174,Old,5.0,3157
6.240681998413959,E07000175,Old,5.0,2522
6.270346178967997,E07000176,Old,5.0,1531
6.574424552429666,E07000177,Old,5.0,1564
5.105897149245393,E07000178,Old,5.0,3578
6.526612903225803,E07000179,Old,5.0,1860
6.233193979933112,E07000180,Old,5.0,1196
6.902255192878342,E07000181,Old,5.0,1685
6.35903460059804,E07000187,Old,5.0,2341
5.992165397170838,E07000188,Old,5.0,1838
6.1790519877675845,E07000189,Old,5.0,3270
5.4385232744783325,E07000192,Old,5.0,1246
5.769981632117558,E07000193,Old,5.0,3811
6.333196721311475,E07000194,Old,5.0,976
5.6903916211293275,E07000195,Old,5.0,2196
6.533297180043383,E07000196,Old,5.0,922
6.5180645161290345,E07000197,Old,5.0,1860
7.156666666666666,E07000198,Old,5.0,1890
5.39742351046699,E07000199,Old,5.0,621
6.936941813261164,E07000200,Old,5.0,1478
4.655710784313727,E07000202,Old,5.0,4080
7.303198976327579,E07000203,Old,5.0,1563
5.517060240963858,E07000207,Old,5.0,2075
5.352131147540985,E07000208,Old,5.0,915
5.675611620795105,E07000209,Old,5.0,2616
5.93851953392735,E07000210,Old,5.0,1459
5.639121552604699,E07000211,Old,5.0,1958
5.330007446016379,E07000212,Old,5.0,1343
5.420070011668612,E07000213,Old,5.0,857
5.629855537720705,E07000214,Old,5.0,623
6.022723962126725,E07000215,Old,5.0,1373
5.739177025289329,E07000216,Old,5.0,2333
5.168697478991595,E07000217,Old,5.0,952
5.90375782881002,E07000218,Old,5.0,1437
5.209175412293852,E07000219,Old,5.0,3335
5.23512357414449,E07000220,Old,5.0,2104
6.161584158415846,E07000221,Old,5.0,2525
5.596590909090909,E07000222,Old,5.0,2376
5.040000000000001,E07000223,Old,5.0,415
5.392918032786887,E07000224,Old,5.0,1525
6.319530916844351,E07000225,Old,5.0,2345
5.344827586206895,E07000226,Old,5.0,261
6.234383202099739,E07000227,Old,5.0,1524
5.723645026801668,E07000228,Old,5.0,1679
5.10421875,E07000229,Old,5.0,1280
5.982182835820898,E07000234,Old,5.0,1072
6.925710675931779,E07000235,Old,5.0,1583
6.373876166242578,E07000236,Old,5.0,1179
5.095904722106141,E07000237,Old,5.0,2393
5.802918287937741,E07000238,Old,5.0,2056
5.8466355140186925,E07000239,Old,5.0,2140
5.302054108216432,E07000240,Old,5.0,1996
5.5742459396751745,E07000241,Old,5.0,431
5.727882483370291,E07000242,Old,5.0,1804
5.192021276595744,E07000243,Old,5.0,188
5.471986763395694,E07000244,Old,5.0,7857
6.548593558907456,E07000245,Old,5.0,2453
6.522398939695162,E07000246,Old,5.0,3018
4.865198792148958,E08000001,Old,5.0,7948
5.3288884280381605,E08000002,Old,5.0,4822
4.829157588961508,E08000003,Old,5.0,16524
5.366595380667242,E08000004,Old,5.0,7014
5.1136706135629755,E08000005,Old,5.0,5574
4.74431765612953,E08000006,Old,5.0,6485
5.3122972695545085,E08000007,Old,5.0,4871
5.372013228606863,E08000008,Old,5.0,4838
5.471746899306287,E08000009,Old,5.0,4757
4.932344599385487,E08000010,Old,5.0,8462
5.060952380952378,E08000011,Old,5.0,840
4.551916744068222,E08000012,Old,5.0,23686
4.743848167539263,E08000013,Old,5.0,3056
5.398533124924853,E08000014,Old,5.0,8317
5.073904531046064,E08000015,Old,5.0,10726
5.5188469128841335,E08000016,Old,5.0,7094
5.304892938496584,E08000017,Old,5.0,10975
5.400994934876989,E08000018,Old,5.0,5528
5.817463041182681,E08000019,Old,5.0,22728
5.706027987082884,E08000021,Old,5.0,4645
5.857044458359422,E08000022,Old,5.0,3194
6.00373320059731,E08000023,Old,5.0,2009
5.788106075598658,E08000024,Old,5.0,5053
5.182152429944496,E08000025,Old,5.0,36935
4.628761472620389,E08000026,Old,5.0,9697
5.27088633993744,E08000027,Old,5.0,4795
5.243283959994933,E08000028,Old,5.0,7899
6.240960809102402,E08000029,Old,5.0,791
5.221166493596397,E08000030,Old,5.0,5778
4.966814874696842,E08000031,Old,5.0,7422
6.515261896983572,E08000032,Old,5.0,18366
6.668775073549078,E08000033,Old,5.0,7478
5.89895984312388,E08000034,Old,5.0,11729
5.66492117508161,E08000035,Old,5.0,14399
5.5122861106829015,E08000036,Old,5.0,6487
5.864325383861485,E08000037,Old,5.0,3061
5.806896551724136,E09000001,Old,5.0,29
4.470016474464579,E09000002,Old,5.0,1821
5.404307250538402,E09000003,Old,5.0,5572
4.827729980145598,E09000004,Old,5.0,3022
5.026245171782886,E09000005,Old,5.0,4919
5.3391351823542195,E09000006,Old,5.0,4579
5.563434099153569,E09000007,Old,5.0,4135
4.861959048146098,E09000008,Old,5.0,9035
4.860802052389955,E09000009,Old,5.0,7406
4.845813510941962,E09000010,Old,5.0,6306
4.953713650676047,E09000011,Old,5.0,5399
4.917119886497989,E09000012,Old,5.0,4229
5.077680221811452,E09000013,Old,5.0,6492
4.804890345349131,E09000014,Old,5.0,7934
4.98448810754912,E09000015,Old,5.0,2901
5.1972016895459365,E09000016,Old,5.0,1894
4.91751170046802,E09000017,Old,5.0,2564
5.079836065573768,E09000018,Old,5.0,3660
5.271124292262069,E09000019,Old,5.0,3709
6.201920614596676,E09000020,Old,5.0,5467
5.308842925659471,E09000021,Old,5.0,3336
5.039983834029372,E09000022,Old,5.0,7423
4.962897574123991,E09000023,Old,5.0,7420
4.788304278922345,E09000024,Old,5.0,6310
4.544170220488167,E09000025,Old,5.0,11021
4.903361757953431,E09000026,Old,5.0,6098
5.393774610913174,E09000027,Old,5.0,5333
5.158587827593676,E09000028,Old,5.0,4617
5.11671529804085,E09000029,Old,5.0,2399
4.866532721010332,E09000030,Old,5.0,1742
4.465625329815299,E09000031,Old,5.0,9475
5.055875831485583,E09000032,Old,5.0,9922
5.7260774686306615,E09000033,Old,5.0,5499
7.165518867924521,W06000001,Old,5.0,2120
7.009867211440244,W06000002,Old,5.0,4895
6.576839972991231,W06000003,Old,5.0,2962
6.997570649479426,W06000004,Old,5.0,2017
6.357236842105262,W06000005,Old,5.0,2584
6.184195748094664,W06000006,Old,5.0,2493
8.611175337186895,W06000008,Old,5.0,2595
7.047851727042962,W06000009,Old,5.0,3561
6.837589724216094,W06000010,Old,5.0,7941
5.439171346183036,W06000011,Old,5.0,6589
5.4432264092183065,W06000012,Old,5.0,6422
5.378454996456412,W06000013,Old,5.0,4233
5.212373968835932,W06000014,Old,5.0,3273
4.888187684567433,W06000015,Old,5.0,9143
5.220025429116336,W06000016,Old,5.0,14157
5.288816083395376,W06000018,Old,5.0,6715
5.518918145392097,W06000019,Old,5.0,3494
5.468048048048047,W06000020,Old,5.0,1665
7.036426116838485,W06000021,Old,5.0,1746
4.81555302814899,W06000022,Old,5.0,3517
8.435671722643557,W06000023,Old,5.0,3692
5.041329179646935,W06000024,Old,5.0,2889
8.434213421342134,E06000001,Old,6.0,909
6.734353741496602,E06000002,Old,6.0,1176
8.070328425821064,E06000003,Old,6.0,883
7.171585244267201,E06000004,Old,6.0,1003
7.989695057833858,E06000005,Old,6.0,951
6.658797327394209,E06000006,Old,6.0,449
6.879324894514771,E06000007,Old,6.0,948
7.146872493985564,E06000008,Old,6.0,2494
6.816316232127836,E06000009,Old,6.0,2378
6.578191489361703,E06000010,Old,6.0,2256
8.435515873015866,E06000011,Old,6.0,3528
6.156966490299825,E06000012,Old,6.0,2268
7.862905604719768,E06000013,Old,6.0,1356
6.830710059171595,E06000014,Old,6.0,1690
6.816529942575885,E06000015,Old,6.0,2438
6.5515715667311385,E06000016,Old,6.0,4136
8.859545454545454,E06000017,Old,6.0,440
6.41384826325411,E06000018,Old,6.0,4376
8.930685413005271,E06000019,Old,6.0,2845
7.250272479564031,E06000020,Old,6.0,734
6.707337780473016,E06000021,Old,6.0,1649
6.6922030524220295,E06000022,Old,6.0,3014
5.962868369351674,E06000023,Old,6.0,7635
7.455601415094338,E06000024,Old,6.0,1696
7.419694767441859,E06000025,Old,6.0,1376
6.317350956130484,E06000026,Old,6.0,3556
6.27311522048364,E06000027,Old,6.0,1406
5.68497461928934,E06000030,Old,6.0,985
6.812308533916847,E06000031,Old,6.0,1828
6.158313998453207,E06000032,Old,6.0,1293
6.711565836298935,E06000033,Old,6.0,2248
6.062745098039217,E06000034,Old,6.0,357
5.648574287143572,E06000035,Old,6.0,1999
6.3845238095238095,E06000036,Old,6.0,252
7.830058365758753,E06000037,Old,6.0,1028
5.796496651210718,E06000038,Old,6.0,1941
5.763370786516854,E06000039,Old,6.0,445
6.851360781577112,E06000040,Old,6.0,1433
6.985940246045692,E06000041,Old,6.0,569
6.880238726790452,E06000042,Old,6.0,754
6.047681022243251,E06000043,Old,6.0,4226
5.153770721456926,E06000044,Old,6.0,4283
5.127462380300952,E06000045,Old,6.0,2924
6.786891961085511,E06000046,Old,6.0,1953
8.827152317880795,E06000047,Old,6.0,3926
7.880960698689957,E06000049,Old,6.0,3435
7.248024948024952,E06000050,Old,6.0,2886
9.050095238095235,E06000051,Old,6.0,4200
8.07254290171608,E06000052,Old,6.0,8333
8.363888888888887,E06000053,Old,6.0,36
7.7733508656585535,E06000054,Old,6.0,4563
6.88021978021978,E06000055,Old,6.0,1274
7.286172650878532,E06000056,Old,6.0,1309
10.230481110752343,E06000057,Old,6.0,3097
6.165345891523227,E06000058,Old,6.0,3079
7.8267368421052685,E06000059,Old,6.0,3800
6.404687499999994,E06000060,Old,6.0,832
6.6920892494928985,E06000061,Old,6.0,493
6.65045592705167,E06000062,Old,6.0,658
8.448220064724918,E06000063,Old,6.0,309
8.444444444444446,E06000064,Old,6.0,387
8.270979020979018,E06000065,Old,6.0,858
6.933962264150942,E06000066,Old,6.0,583
8.157195571955716,E07000004,Old,6.0,813
7.444615384615381,E07000005,Old,6.0,520
7.811349693251538,E07000006,Old,6.0,326
7.245784695201038,E07000007,Old,6.0,771
5.767067176406334,E07000008,Old,6.0,1831
7.758602846054336,E07000009,Old,6.0,773
7.942405708460756,E07000010,Old,6.0,981
7.925485961123112,E07000011,Old,6.0,926
7.545789971617787,E07000012,Old,6.0,1057
9.667402945113787,E07000026,Old,6.0,1494
6.739140271493208,E07000027,Old,6.0,884
9.140716911764704,E07000028,Old,6.0,1088
9.839004815409305,E07000029,Old,6.0,623
11.562252663622527,E07000030,Old,6.0,1314
9.599836601307187,E07000031,Old,6.0,1836
7.378038558256498,E07000032,Old,6.0,1193
7.490625000000005,E07000033,Old,6.0,544
7.139417475728153,E07000034,Old,6.0,515
9.159353023909988,E07000035,Old,6.0,1422
7.333761682242989,E07000036,Old,6.0,856
7.628110896196003,E07000037,Old,6.0,1551
8.220723684210528,E07000038,Old,6.0,608
7.895994065281902,E07000039,Old,6.0,674
7.404393770856508,E07000040,Old,6.0,1798
5.368225352112678,E07000041,Old,6.0,1775
8.301988071570584,E07000042,Old,6.0,1006
7.763226205191592,E07000043,Old,6.0,1618
8.477720964207451,E07000044,Old,6.0,1369
7.3022048364153616,E07000045,Old,6.0,1406
8.685753424657525,E07000046,Old,6.0,1095
9.408045977011499,E07000047,Old,6.0,957
6.025410733844469,E07000061,Old,6.0,913
6.331417910447759,E07000062,Old,6.0,1340
6.968033946251769,E07000063,Old,6.0,707
7.5696803652968,E07000064,Old,6.0,1095
7.901595092024539,E07000065,Old,6.0,1630
7.135087719298246,E07000066,Old,6.0,114
8.235941043083901,E07000067,Old,6.0,882
7.488988095238095,E07000068,Old,6.0,336
6.950735294117647,E07000069,Old,6.0,136
7.286490455212921,E07000070,Old,6.0,681
6.986935166994106,E07000071,Old,6.0,1018
7.566290550070522,E07000072,Old,6.0,709
7.1171875,E07000073,Old,6.0,64
8.612737127371275,E07000074,Old,6.0,369
7.205729166666667,E07000075,Old,6.0,192
7.337865748709118,E07000076,Old,6.0,1162
8.390593342981186,E07000077,Old,6.0,691
6.550180766449748,E07000078,Old,6.0,1383
8.570140280561127,E07000079,Old,6.0,1497
7.74860529986053,E07000080,Old,6.0,1434
6.283757682177351,E07000081,Old,6.0,1139
7.666043425814234,E07000082,Old,6.0,1658
8.043749999999998,E07000083,Old,6.0,560
7.233891213389119,E07000084,Old,6.0,717
7.222435174746337,E07000085,Old,6.0,887
5.326153846153847,E07000086,Old,6.0,520
6.318727915194349,E07000087,Old,6.0,283
5.30530303030303,E07000088,Old,6.0,396
6.660156250000003,E07000089,Old,6.0,384
6.558771929824562,E07000090,Old,6.0,342
6.907610350076098,E07000091,Old,6.0,1314
6.093466424682395,E07000092,Old,6.0,551
7.32,E07000093,Old,6.0,675
6.988619854721548,E07000094,Old,6.0,1239
6.3225108225108215,E07000095,Old,6.0,231
7.014054726368158,E07000096,Old,6.0,804
7.092230576441098,E07000098,Old,6.0,399
6.714433962264151,E07000099,Old,6.0,1060
7.100554016620498,E07000102,Old,6.0,361
5.841641791044776,E07000103,Old,6.0,670
7.788184079601988,E07000105,Old,6.0,804
6.4472542372881385,E07000106,Old,6.0,1475
6.1920918367346935,E07000107,Old,6.0,392
7.037419354838708,E07000108,Old,6.0,1395
6.579455782312925,E07000109,Old,6.0,735
6.729212598425199,E07000110,Old,6.0,1270
7.612750263435191,E07000111,Old,6.0,949
6.867246596066567,E07000112,Old,6.0,1322
6.863186221743809,E07000113,Old,6.0,929
6.8497005988024,E07000114,Old,6.0,1837
6.706806930693072,E07000115,Old,6.0,808
7.258013406459477,E07000116,Old,6.0,1641
7.860129776496032,E07000117,Old,6.0,1387
7.162483487450462,E07000118,Old,6.0,757
7.642214912280706,E07000119,Old,6.0,912
7.290018315018314,E07000120,Old,6.0,1092
7.265741155396322,E07000121,Old,6.0,2233
7.972029562251279,E07000122,Old,6.0,1759
6.633011789924975,E07000123,Old,6.0,1866
8.354939759036148,E07000124,Old,6.0,830
8.008892617449666,E07000125,Old,6.0,1192
6.9549273021001605,E07000126,Old,6.0,619
7.534584755403865,E07000127,Old,6.0,879
7.5237745098039275,E07000128,Old,6.0,816
7.013636363636362,E07000129,Old,6.0,374
6.879006298110566,E07000130,Old,6.0,1429
7.981292059219379,E07000131,Old,6.0,743
7.324065040650406,E07000132,Old,6.0,615
8.730265848670754,E07000133,Old,6.0,489
7.947985347985343,E07000134,Old,6.0,819
6.917610062893083,E07000135,Old,6.0,159
8.28107769423559,E07000136,Old,6.0,798
9.132896015549083,E07000137,Old,6.0,2058
6.446488052136135,E07000138,Old,6.0,1381
9.048256467941506,E07000139,Old,6.0,889
8.853763440860217,E07000140,Old,6.0,837
8.563041631265929,E07000141,Old,6.0,1177
8.481780016792612,E07000142,Old,6.0,1191
8.641628122109159,E07000143,Old,6.0,1081
8.096592398427262,E07000144,Old,6.0,763
6.895132743362835,E07000145,Old,6.0,1130
8.79191977077364,E07000146,Old,6.0,1745
8.529419272495218,E07000147,Old,6.0,1567
6.102608695652176,E07000148,Old,6.0,1495
8.772307692307686,E07000149,Old,6.0,1105
8.794680851063827,E07000150,Old,6.0,94
9.265248226950355,E07000151,Old,6.0,564
8.15503875968992,E07000152,Old,6.0,645
7.4731884057970985,E07000153,Old,6.0,690
6.6447848285922655,E07000154,Old,6.0,1371
9.133650190114068,E07000155,Old,6.0,526
7.2188144329896895,E07000156,Old,6.0,388
9.024263261296655,E07000163,Old,6.0,1018
10.298677248677246,E07000164,Old,6.0,1134
8.930022172949,E07000165,Old,6.0,2255
11.314193548387092,E07000166,Old,6.0,775
10.244627299128751,E07000167,Old,6.0,1033
8.76021029330381,E07000168,Old,6.0,1807
8.874308943089428,E07000169,Old,6.0,615
7.278085351787774,E07000170,Old,6.0,867
8.571352313167262,E07000171,Old,6.0,1124
6.992836676217767,E07000172,Old,6.0,698
7.000274725274727,E07000173,Old,6.0,728
7.002451838879161,E07000174,Old,6.0,571
8.152769385699894,E07000175,Old,6.0,993
7.735235158057055,E07000176,Old,6.0,1297
7.800104058272632,E07000177,Old,6.0,961
6.116935801496658,E07000178,Old,6.0,2539
7.757647058823531,E07000179,Old,6.0,1190
7.5456164383561655,E07000180,Old,6.0,730
8.083137962128049,E07000181,Old,6.0,1109
7.732943603851442,E07000187,Old,6.0,1454
7.857387387387386,E07000188,Old,6.0,1110
8.189220855301699,E07000189,Old,6.0,1707
6.971835443037976,E07000192,Old,6.0,316
8.075684128225173,E07000193,Old,6.0,1279
8.269287020109688,E07000194,Old,6.0,547
7.543216783216785,E07000195,Old,6.0,715
8.310099009900995,E07000196,Old,6.0,505
8.13735632183908,E07000197,Old,6.0,1044
9.232970027247958,E07000198,Old,6.0,1101
6.726035502958579,E07000199,Old,6.0,169
8.418032786885247,E07000200,Old,6.0,854
6.492980671414039,E07000202,Old,6.0,983
9.080260521042085,E07000203,Old,6.0,998
6.718996710526317,E07000207,Old,6.0,1216
6.3204134366925055,E07000208,Old,6.0,387
6.574267333809861,E07000209,Old,6.0,1399
7.599235668789809,E07000210,Old,6.0,785
6.944502617801048,E07000211,Old,6.0,1146
6.2950495049504935,E07000212,Old,6.0,606
6.8055319148936135,E07000213,Old,6.0,470
6.759078590785906,E07000214,Old,6.0,369
7.780732700135685,E07000215,Old,6.0,737
7.118870431893689,E07000216,Old,6.0,1505
6.162773722627735,E07000217,Old,6.0,548
7.649793388429754,E07000218,Old,6.0,484
6.7239162929745895,E07000219,Old,6.0,669
6.783619702176404,E07000220,Old,6.0,873
8.365091210613597,E07000221,Old,6.0,1206
7.152345058626465,E07000222,Old,6.0,1194
6.3135802469135776,E07000223,Old,6.0,243
6.8649289099526065,E07000224,Old,6.0,844
7.627844311377248,E07000225,Old,6.0,1336
6.09809523809524,E07000226,Old,6.0,105
7.754265873015874,E07000227,Old,6.0,1008
6.9837742504409155,E07000228,Old,6.0,1134
6.154616384915476,E07000229,Old,6.0,769
7.45639204545455,E07000234,Old,6.0,704
8.278425925925921,E07000235,Old,6.0,1080
7.361173184357541,E07000236,Old,6.0,358
6.725121713729307,E07000237,Old,6.0,1027
7.846660567246106,E07000238,Old,6.0,1093
7.420460358056266,E07000239,Old,6.0,782
6.493025283347865,E07000240,Old,6.0,1147
7.239087947882735,E07000241,Old,6.0,307
7.452947976878613,E07000242,Old,6.0,865
6.754117647058824,E07000243,Old,6.0,85
7.550211118930323,E07000244,Old,6.0,2842
8.370203735144313,E07000245,Old,6.0,1178
8.244876126126131,E07000246,Old,6.0,1776
6.665155925155921,E08000001,Old,6.0,2405
7.317738095238092,E08000002,Old,6.0,1680
6.142760311508506,E08000003,Old,6.0,6934
6.938179093293366,E08000004,Old,6.0,2669
7.395644796380086,E08000005,Old,6.0,1768
6.171857807871346,E08000006,Old,6.0,2363
7.0498207885304645,E08000007,Old,6.0,2232
7.052895250487962,E08000008,Old,6.0,1537
6.8821702453987745,E08000009,Old,6.0,2608
7.058579881656808,E08000010,Old,6.0,2028
7.01904761904762,E08000011,Old,6.0,294
6.121739763951628,E08000012,Old,6.0,6863
6.643622448979591,E08000013,Old,6.0,784
7.035141622659631,E08000014,Old,6.0,4166
6.784151107251413,E08000015,Old,6.0,4606
7.717905623787978,E08000016,Old,6.0,1547
6.945952677459523,E08000017,Old,6.0,2409
7.6738601823708175,E08000018,Old,6.0,1316
7.201845172031081,E08000019,Old,6.0,7208
6.954441260744984,E08000021,Old,6.0,3141
7.510631443298972,E08000022,Old,6.0,1552
7.417536945812805,E08000023,Old,6.0,1015
7.450455275843599,E08000024,Old,6.0,1867
6.716423964359335,E08000025,Old,6.0,15039
5.681340206185563,E08000026,Old,6.0,2910
6.691907514450868,E08000027,Old,6.0,1557
6.627438100050535,E08000028,Old,6.0,1979
7.829520295202952,E08000029,Old,6.0,542
6.9440131578947355,E08000030,Old,6.0,1520
6.963675742574256,E08000031,Old,6.0,1616
7.654381296331503,E08000032,Old,6.0,15783
8.326196840826242,E08000033,Old,6.0,4115
7.79918748730448,E08000034,Old,6.0,4923
6.827517241379319,E08000035,Old,6.0,13050
7.296189024390243,E08000036,Old,6.0,1968
7.804580812445982,E08000037,Old,6.0,1157
8.43846153846154,E09000001,Old,6.0,13
5.191818181818181,E09000002,Old,6.0,550
6.79770576426728,E09000003,Old,6.0,3487
6.012630480167016,E09000004,Old,6.0,958
6.154161640530759,E09000005,Old,6.0,3316
6.563347826086956,E09000006,Old,6.0,2300
7.054144144144148,E09000007,Old,6.0,2220
6.188531426869229,E09000008,Old,6.0,3357
5.912477558348293,E09000009,Old,6.0,4456
5.93843255463451,E09000010,Old,6.0,2654
5.879178272980506,E09000011,Old,6.0,2872
6.045005370569276,E09000012,Old,6.0,2793
6.372346060472305,E09000013,Old,6.0,4531
5.826748320821804,E09000014,Old,6.0,5062
6.273279052553666,E09000015,Old,6.0,1351
6.479864864864864,E09000016,Old,6.0,740
6.003033707865169,E09000017,Old,6.0,890
6.167109004739338,E09000018,Old,6.0,2110
6.689960543621218,E09000019,Old,6.0,2281
7.672862571247622,E09000020,Old,6.0,3158
6.422401723209481,E09000021,Old,6.0,1857
6.491881832984412,E09000022,Old,6.0,4299
5.953750293910183,E09000023,Old,6.0,4253
5.698750800768744,E09000024,Old,6.0,3122
5.099747064137302,E09000025,Old,6.0,5535
5.900204738227557,E09000026,Old,6.0,3419
6.6688512145748975,E09000027,Old,6.0,3952
6.231717495987159,E09000028,Old,6.0,3115
6.546902654867258,E09000029,Old,6.0,1130
5.649662921348313,E09000030,Old,6.0,890
5.163850771869645,E09000031,Old,6.0,4664
6.456023856858841,E09000032,Old,6.0,7545
7.553651153991681,E09000033,Old,6.0,2643
8.709752438109533,W06000001,Old,6.0,1333
8.59256256609094,W06000002,Old,6.0,2837
8.552955082742317,W06000003,Old,6.0,1692
9.149277566539926,W06000004,Old,6.0,1315
8.275000000000002,W06000005,Old,6.0,1260
8.277185314685317,W06000006,Old,6.0,1144
9.724685382381411,W06000008,Old,6.0,2066
8.39077128845297,W06000009,Old,6.0,2243
8.139229752690198,W06000010,Old,6.0,5297
6.443768545994063,W06000011,Old,6.0,4044
6.704431052818151,W06000012,Old,6.0,2821
6.445694603903561,W06000013,Old,6.0,1742
6.580055710306413,W06000014,Old,6.0,1795
5.595867412828238,W06000015,Old,6.0,6969
6.3235734743335446,W06000016,Old,6.0,4539
6.525894378194207,W06000018,Old,6.0,1761
6.9381355932203395,W06000019,Old,6.0,1062
6.500670016750419,W06000020,Old,6.0,597
8.174787052810903,W06000021,Old,6.0,1174
6.2866047745358085,W06000022,Old,6.0,1508
10.085810557843503,W06000023,Old,6.0,2671
6.9536921151439275,W06000024,Old,6.0,799
10.790050590219229,E06000001,Old,7.0,593
9.013576158940399,E06000002,Old,7.0,604
10.278190255220418,E06000003,Old,7.0,431
9.179562043795622,E06000004,Old,7.0,548
10.259143327841846,E06000005,Old,7.0,607
8.914018691588785,E06000006,Old,7.0,214
8.659570957095712,E06000007,Old,7.0,606
8.634587080948487,E06000008,Old,7.0,1223
8.141866226259285,E06000009,Old,7.0,1211
8.027228127555192,E06000010,Old,7.0,1223
10.584646374216655,E06000011,Old,7.0,2234
7.902796420581658,E06000012,Old,7.0,894
9.435240572171653,E06000013,Old,7.0,769
8.253401015228429,E06000014,Old,7.0,985
7.964996022275256,E06000015,Old,7.0,1257
8.271206030150752,E06000016,Old,7.0,1990
10.123809523809522,E06000017,Old,7.0,336
7.519716376944195,E06000018,Old,7.0,2186
10.27737924438068,E06000019,Old,7.0,2091
8.94601769911504,E06000020,Old,7.0,452
8.273722627737225,E06000021,Old,7.0,685
8.372536443148686,E06000022,Old,7.0,1715
7.3170940170940195,E06000023,Old,7.0,3861
8.832279411764707,E06000024,Old,7.0,1360
8.623076923076924,E06000025,Old,7.0,923
7.148127853881284,E06000026,Old,7.0,2190
7.963068181818181,E06000027,Old,7.0,880
7.160364464692482,E06000030,Old,7.0,439
8.273870573870573,E06000031,Old,7.0,819
7.373851590106008,E06000032,Old,7.0,566
7.953064651553321,E06000033,Old,7.0,1191
8.045714285714286,E06000034,Old,7.0,175
7.669732937685462,E06000035,Old,7.0,674
8.029807692307692,E06000036,Old,7.0,208
9.408385481852314,E06000037,Old,7.0,799
6.837764606265874,E06000038,Old,7.0,1181
7.106249999999999,E06000039,Old,7.0,176
8.61587301587301,E06000040,Old,7.0,882
8.076839826839825,E06000041,Old,7.0,462
8.619854721549636,E06000042,Old,7.0,413
7.216938870741955,E06000043,Old,7.0,2143
6.660691144708425,E06000044,Old,7.0,1389
6.208819444444445,E06000045,Old,7.0,1440
8.110834990059642,E06000046,Old,7.0,1006
10.552871467639019,E06000047,Old,7.0,2194
9.84327651515151,E06000049,Old,7.0,2112
9.029054779806664,E06000050,Old,7.0,1862
11.092479108635102,E06000051,Old,7.0,2872
9.509710060323012,E06000052,Old,7.0,5139
9.92222222222222,E06000053,Old,7.0,18
9.579777070063692,E06000054,Old,7.0,3140
8.509844559585492,E06000055,Old,7.0,772
8.616238317757011,E06000056,Old,7.0,856
12.479512195121954,E06000057,Old,7.0,2050
7.2674242424242435,E06000058,Old,7.0,1980
9.417990752416985,E06000059,Old,7.0,2379
7.9549413735343375,E06000060,Old,7.0,597
8.16076923076923,E06000061,Old,7.0,260
8.546174863387979,E06000062,Old,7.0,366
9.647567567567567,E06000063,Old,7.0,185
10.352611940298509,E06000064,Old,7.0,268
9.817039586919103,E06000065,Old,7.0,581
8.37096018735363,E06000066,Old,7.0,427
9.60124031007752,E07000004,Old,7.0,645
9.37142857142857,E07000005,Old,7.0,392
9.639179104477613,E07000006,Old,7.0,268
8.943061224489794,E07000007,Old,7.0,490
6.887811900191935,E07000008,Old,7.0,1042
9.302754237288132,E07000009,Old,7.0,472
9.40603112840467,E07000010,Old,7.0,514
9.3468438538206,E07000011,Old,7.0,602
9.327659574468088,E07000012,Old,7.0,752
11.68227114716107,E07000026,Old,7.0,863
8.380804953560373,E07000027,Old,7.0,323
11.69062937062937,E07000028,Old,7.0,715
12.427427184466017,E07000029,Old,7.0,412
14.347438752783964,E07000030,Old,7.0,898
11.437391304347829,E07000031,Old,7.0,1150
9.006716417910448,E07000032,Old,7.0,536
9.656140350877195,E07000033,Old,7.0,228
8.609486166007907,E07000034,Old,7.0,253
10.684814398200228,E07000035,Old,7.0,889
8.792488262910798,E07000036,Old,7.0,426
9.437197452229302,E07000037,Old,7.0,785
9.873076923076924,E07000038,Old,7.0,416
9.585067873303165,E07000039,Old,7.0,442
8.847355769230766,E07000040,Old,7.0,1248
6.6680455015511875,E07000041,Old,7.0,967
10.124357405140762,E07000042,Old,7.0,817
9.895974382433662,E07000043,Old,7.0,1093
10.004418103448275,E07000044,Old,7.0,928
8.842390194075588,E07000045,Old,7.0,979
9.987003610108298,E07000046,Old,7.0,831
10.60668485675307,E07000047,Old,7.0,733
7.2967145790554415,E07000061,Old,7.0,487
7.901033973412113,E07000062,Old,7.0,677
8.738009049773755,E07000063,Old,7.0,442
8.838918918918921,E07000064,Old,7.0,740
9.16638264910922,E07000065,Old,7.0,1291
8.05268817204301,E07000066,Old,7.0,93
10.265629860031105,E07000067,Old,7.0,643
8.92,E07000068,Old,7.0,230
8.186021505376345,E07000069,Old,7.0,93
9.542344497607658,E07000070,Old,7.0,418
8.847487844408429,E07000071,Old,7.0,617
9.732803180914514,E07000072,Old,7.0,503
8.294444444444444,E07000073,Old,7.0,36
10.110878661087865,E07000074,Old,7.0,239
8.840776699029126,E07000075,Old,7.0,103
8.870016207455432,E07000076,Old,7.0,617
10.401145662847787,E07000077,Old,7.0,611
7.754835164835162,E07000078,Old,7.0,910
10.351975683890581,E07000079,Old,7.0,987
8.928243512974051,E07000080,Old,7.0,1002
7.583892617449666,E07000081,Old,7.0,596
8.957565217391306,E07000082,Old,7.0,1150
9.087218045112783,E07000083,Old,7.0,399
9.184872298624752,E07000084,Old,7.0,509
8.892201834862387,E07000085,Old,7.0,654
6.6798319327731095,E07000086,Old,7.0,238
7.549756097560975,E07000087,Old,7.0,205
7.049079754601224,E07000088,Old,7.0,163
8.491621621621622,E07000089,Old,7.0,370
8.067322834645667,E07000090,Old,7.0,254
7.974061433447098,E07000091,Old,7.0,879
7.46842105263158,E07000092,Old,7.0,228
8.993516699410607,E07000093,Old,7.0,509
8.281913652275378,E07000094,Old,7.0,857
8.50725806451613,E07000095,Old,7.0,124
8.600386100386098,E07000096,Old,7.0,518
8.7012,E07000098,Old,7.0,250
8.180199667221297,E07000099,Old,7.0,601
8.816736401673639,E07000102,Old,7.0,239
7.41045918367347,E07000103,Old,7.0,392
9.014626391096977,E07000105,Old,7.0,629
8.17831632653061,E07000106,Old,7.0,784
7.4550295857988145,E07000107,Old,7.0,169
8.76296296296296,E07000108,Old,7.0,810
8.524739583333334,E07000109,Old,7.0,384
8.688356164383562,E07000110,Old,7.0,730
9.614583333333329,E07000111,Old,7.0,672
8.358910162002944,E07000112,Old,7.0,679
8.261324786324787,E07000113,Old,7.0,468
8.434100246507809,E07000114,Old,7.0,1217
8.961065573770492,E07000115,Old,7.0,488
9.106092843326886,E07000116,Old,7.0,1034
9.948580441640386,E07000117,Old,7.0,634
9.299043062200958,E07000118,Old,7.0,418
9.056091370558374,E07000119,Old,7.0,788
8.693794749403342,E07000120,Old,7.0,419
9.00666131621188,E07000121,Old,7.0,1246
9.857472826086957,E07000122,Old,7.0,736
8.408147429679923,E07000123,Old,7.0,1031
10.513279678068406,E07000124,Old,7.0,497
9.995049504950494,E07000125,Old,7.0,505
8.451803278688523,E07000126,Old,7.0,305
9.163124999999999,E07000127,Old,7.0,640
9.167446393762186,E07000128,Old,7.0,513
8.502016129032258,E07000129,Old,7.0,248
7.993085106382979,E07000130,Old,7.0,940
9.569507575757575,E07000131,Old,7.0,528
9.203571428571427,E07000132,Old,7.0,364
11.324937655860351,E07000133,Old,7.0,401
9.348305084745766,E07000134,Old,7.0,472
8.432222222222224,E07000135,Old,7.0,90
9.775442477876105,E07000136,Old,7.0,452
10.450651230101302,E07000137,Old,7.0,1382
7.590387182910549,E07000138,Old,7.0,749
10.67855973813421,E07000139,Old,7.0,611
10.352504638218926,E07000140,Old,7.0,539
10.552883435582823,E07000141,Old,7.0,815
10.653835978835978,E07000142,Old,7.0,756
10.047800237812128,E07000143,Old,7.0,841
9.76536312849162,E07000144,Old,7.0,537
8.554513888888891,E07000145,Old,7.0,576
10.27757009345794,E07000146,Old,7.0,1070
10.159207708779448,E07000147,Old,7.0,934
7.705477528089887,E07000148,Old,7.0,712
9.901426718547341,E07000149,Old,7.0,771
10.717073170731707,E07000150,Old,7.0,41
10.836989795918369,E07000151,Old,7.0,392
10.174109263657956,E07000152,Old,7.0,421
9.42106824925816,E07000153,Old,7.0,337
7.966666666666665,E07000154,Old,7.0,654
10.18017057569296,E07000155,Old,7.0,469
8.970454545454546,E07000156,Old,7.0,220
11.293115318416529,E07000163,Old,7.0,581
11.418711276332091,E07000164,Old,7.0,807
11.059377070907885,E07000165,Old,7.0,1509
12.932803180914515,E07000166,Old,7.0,503
12.210918774966705,E07000167,Old,7.0,751
10.921330724070453,E07000168,Old,7.0,1022
10.603043478260872,E07000169,Old,7.0,460
9.170934256055363,E07000170,Old,7.0,289
11.09125925925926,E07000171,Old,7.0,675
7.944520547945206,E07000172,Old,7.0,292
8.397283950617282,E07000173,Old,7.0,405
9.085964912280701,E07000174,Old,7.0,228
10.116282642089097,E07000175,Old,7.0,651
8.980020703933752,E07000176,Old,7.0,966
9.7487987987988,E07000177,Old,7.0,666
7.18831683168317,E07000178,Old,7.0,1515
8.888528138528143,E07000179,Old,7.0,924
8.867735849056603,E07000180,Old,7.0,530
9.561410256410259,E07000181,Old,7.0,780
9.35607180570222,E07000187,Old,7.0,947
8.942441209406498,E07000188,Old,7.0,893
9.937023593466423,E07000189,Old,7.0,1102
8.322727272727272,E07000192,Old,7.0,110
10.210367454068246,E07000193,Old,7.0,762
10.12189054726368,E07000194,Old,7.0,402
9.926010101010101,E07000195,Old,7.0,396
9.769476744186045,E07000196,Old,7.0,344
10.257697642163665,E07000197,Old,7.0,721
10.834676007005251,E07000198,Old,7.0,571
8.293548387096774,E07000199,Old,7.0,93
9.89607201309329,E07000200,Old,7.0,611
7.808521739130438,E07000202,Old,7.0,575
10.732770745428974,E07000203,Old,7.0,711
8.316797312430015,E07000207,Old,7.0,893
7.899999999999999,E07000208,Old,7.0,241
8.041105769230764,E07000209,Old,7.0,832
9.26894824707847,E07000210,Old,7.0,599
8.669909208819714,E07000211,Old,7.0,771
8.097394136807816,E07000212,Old,7.0,307
7.919666666666665,E07000213,Old,7.0,300
7.935315985130109,E07000214,Old,7.0,269
9.342524271844663,E07000215,Old,7.0,515
8.61746323529412,E07000216,Old,7.0,1088
8.021784776902887,E07000217,Old,7.0,381
9.642105263157896,E07000218,Old,7.0,266
7.9882845188284515,E07000219,Old,7.0,239
8.636093418259023,E07000220,Old,7.0,471
10.35304247990815,E07000221,Old,7.0,871
9.039766081871345,E07000222,Old,7.0,855
7.185416666666669,E07000223,Old,7.0,96
7.89348591549296,E07000224,Old,7.0,568
9.32639534883721,E07000225,Old,7.0,860
7.480645161290323,E07000226,Old,7.0,62
9.462941176470586,E07000227,Old,7.0,680
8.24700399467377,E07000228,Old,7.0,751
7.790566037735848,E07000229,Old,7.0,477
8.731707317073175,E07000234,Old,7.0,492
9.861822376009231,E07000235,Old,7.0,867
8.70310559006211,E07000236,Old,7.0,161
8.10513698630137,E07000237,Old,7.0,584
9.182702702702704,E07000238,Old,7.0,740
9.193958333333335,E07000239,Old,7.0,480
7.956577086280058,E07000240,Old,7.0,707
8.233789954337901,E07000241,Old,7.0,219
16.947588424437303,E07000242,Old,7.0,622
8.153191489361701,E07000243,Old,7.0,47
9.301034482758618,E07000244,Old,7.0,1740
9.914876033057848,E07000245,Old,7.0,726
10.029537953795382,E07000246,Old,7.0,1212
8.705601469237832,E08000001,Old,7.0,1089
9.16831566548881,E08000002,Old,7.0,849
7.625157923647353,E08000003,Old,7.0,3641
8.331423895253684,E08000004,Old,7.0,1222
9.251022727272725,E08000005,Old,7.0,880
8.011977491961414,E08000006,Old,7.0,1244
8.692740471869328,E08000007,Old,7.0,1653
8.647783933518003,E08000008,Old,7.0,722
8.549426605504589,E08000009,Old,7.0,1744
8.773378839590444,E08000010,Old,7.0,879
9.854814814814816,E08000011,Old,7.0,135
7.028880059597718,E08000012,Old,7.0,4027
8.71362467866324,E08000013,Old,7.0,389
8.928898768809846,E08000014,Old,7.0,2924
8.096381007527514,E08000015,Old,7.0,3454
9.567397660818713,E08000016,Old,7.0,684
9.364473684210525,E08000017,Old,7.0,988
9.768801313628904,E08000018,Old,7.0,609
8.692143884892085,E08000019,Old,7.0,3475
7.753732602277516,E08000021,Old,7.0,2371
8.864046021093,E08000022,Old,7.0,1043
9.144839857651249,E08000023,Old,7.0,562
9.163850687622793,E08000024,Old,7.0,1018
8.22034367431669,E08000025,Old,7.0,8671
7.15677966101695,E08000026,Old,7.0,1062
8.191780821917808,E08000027,Old,7.0,657
8.17950937950938,E08000028,Old,7.0,693
9.507252747252746,E08000029,Old,7.0,455
8.595290858725761,E08000030,Old,7.0,722
8.903879849812263,E08000031,Old,7.0,799
9.169983543609435,E08000032,Old,7.0,9115
10.10759610930986,E08000033,Old,7.0,2159
9.493242296918762,E08000034,Old,7.0,2856
8.205493063367078,E08000035,Old,7.0,5334
8.815879828326182,E08000036,Old,7.0,932
9.179745042492925,E08000037,Old,7.0,706
12.18888888888889,E09000001,Old,7.0,9
6.34385026737968,E09000002,Old,7.0,187
8.171147690900778,E09000003,Old,7.0,2187
7.476651982378856,E09000004,Old,7.0,454
7.367958812840706,E09000005,Old,7.0,1651
8.125088090204367,E09000006,Old,7.0,1419
9.278730420445177,E09000007,Old,7.0,1213
7.936472602739729,E09000008,Old,7.0,1752
7.491749323715059,E09000009,Old,7.0,2218
7.390024135156878,E09000010,Old,7.0,1243
7.162607204116643,E09000011,Old,7.0,1166
7.264982698961936,E09000012,Old,7.0,1445
7.621617021276593,E09000013,Old,7.0,2350
7.449270913277054,E09000014,Old,7.0,2606
7.696065128900952,E09000015,Old,7.0,737
8.011827956989245,E09000016,Old,7.0,465
7.670652173913042,E09000017,Old,7.0,460
7.797644927536234,E09000018,Old,7.0,1104
7.881609195402297,E09000019,Old,7.0,1392
9.375890552400621,E09000020,Old,7.0,1937
7.637202380952376,E09000021,Old,7.0,1008
7.816837782340865,E09000022,Old,7.0,2922
7.272563352826512,E09000023,Old,7.0,2052
7.109244992295838,E09000024,Old,7.0,1298
6.0084735576923025,E09000025,Old,7.0,1664
7.026406250000005,E09000026,Old,7.0,1920
8.254266873545385,E09000027,Old,7.0,2578
7.443641618497109,E09000028,Old,7.0,1730
7.920578420467186,E09000029,Old,7.0,899
6.9420062695924765,E09000030,Old,7.0,319
6.081833616298808,E09000031,Old,7.0,1767
7.414948006932411,E09000032,Old,7.0,4616
9.43891928864569,E09000033,Old,7.0,1462
10.440050377833753,W06000001,Old,7.0,794
10.241661382371598,W06000002,Old,7.0,1577
9.818690851735019,W06000003,Old,7.0,1268
10.363829787234042,W06000004,Old,7.0,940
9.705306122448981,W06000005,Old,7.0,735
9.732667617689014,W06000006,Old,7.0,701
10.435508771929817,W06000008,Old,7.0,1425
9.938450074515645,W06000009,Old,7.0,1342
9.909181415929206,W06000010,Old,7.0,2712
7.798687531549726,W06000011,Old,7.0,1981
8.33888888888889,W06000012,Old,7.0,954
8.101622418879055,W06000013,Old,7.0,678
8.019921104536488,W06000014,Old,7.0,1014
6.587113402061856,W06000015,Old,7.0,3492
7.76523407521105,W06000016,Old,7.0,1303
8.188155339805828,W06000018,Old,7.0,515
7.999293286219078,W06000019,Old,7.0,283
8.355598455598454,W06000020,Old,7.0,259
10.19603524229075,W06000021,Old,7.0,908
7.677822990844354,W06000022,Old,7.0,983
11.510271206001155,W06000023,Old,7.0,1733
9.117216117216119,W06000024,Old,7.0,273
12.126861702127657,E06000001,Old,8.0,376
10.625850340136052,E06000002,Old,8.0,294
12.134920634920634,E06000003,Old,8.0,252
11.237218045112781,E06000004,Old,8.0,266
12.465322580645159,E06000005,Old,8.0,372
10.076106194690265,E06000006,Old,8.0,113
10.581318681318681,E06000007,Old,8.0,364
10.812965964343602,E06000008,Old,8.0,617
9.906560636182899,E06000009,Old,8.0,503
9.308053691275168,E06000010,Old,8.0,596
12.421236028928334,E06000011,Old,8.0,1521
9.921866666666668,E06000012,Old,8.0,375
11.31511879049676,E06000013,Old,8.0,463
9.924579124579125,E06000014,Old,8.0,594
9.544839857651244,E06000015,Old,8.0,562
9.307669616519174,E06000016,Old,8.0,1017
13.091304347826092,E06000017,Old,8.0,230
8.571625615763548,E06000018,Old,8.0,1015
12.286250885896528,E06000019,Old,8.0,1411
10.85019305019305,E06000020,Old,8.0,259
10.266139240506329,E06000021,Old,8.0,316
10.682484725050918,E06000022,Old,8.0,982
9.032934418381998,E06000023,Old,8.0,2089
10.324245939675176,E06000024,Old,8.0,862
10.250460405156538,E06000025,Old,8.0,543
8.686568627450981,E06000026,Old,8.0,1020
9.672413793103447,E06000027,Old,8.0,435
8.91447963800905,E06000030,Old,8.0,221
9.763492063492064,E06000031,Old,8.0,441
8.295112781954886,E06000032,Old,8.0,266
9.580416666666668,E06000033,Old,8.0,480
9.991803278688524,E06000034,Old,8.0,61
9.41225165562914,E06000035,Old,8.0,302
10.05220588235294,E06000036,Old,8.0,136
10.964798598949212,E06000037,Old,8.0,571
8.53385146804836,E06000038,Old,8.0,579
7.255681818181818,E06000039,Old,8.0,88
10.430000000000001,E06000040,Old,8.0,560
9.519774011299438,E06000041,Old,8.0,354
10.299029126213592,E06000042,Old,8.0,206
8.91451135241856,E06000043,Old,8.0,1013
8.113237410071944,E06000044,Old,8.0,695
7.262193126022913,E06000045,Old,8.0,611
9.58955223880597,E06000046,Old,8.0,536
12.247328881469118,E06000047,Old,8.0,1198
12.294073569482292,E06000049,Old,8.0,1468
11.363847429519069,E06000050,Old,8.0,1206
12.95790870488323,E06000051,Old,8.0,1884
10.846613128491617,E06000052,Old,8.0,2864
9.975,E06000053,Old,8.0,4
11.089637058261703,E06000054,Old,8.0,2094
10.475144508670523,E06000055,Old,8.0,519
10.333035714285712,E06000056,Old,8.0,560
14.73654434250764,E06000057,Old,8.0,1308
9.03711691259932,E06000058,Old,8.0,881
11.108569545154909,E06000059,Old,8.0,1517
9.778260869565214,E06000060,Old,8.0,460
10.15126050420168,E06000061,Old,8.0,119
10.39717741935484,E06000062,Old,8.0,248
11.13706896551724,E06000063,Old,8.0,116
13.202205882352942,E06000064,Old,8.0,136
11.525531914893616,E06000065,Old,8.0,376
9.66075085324232,E06000066,Old,8.0,293
11.58311111111111,E07000004,Old,8.0,450
10.792215568862279,E07000005,Old,8.0,334
11.82972972972973,E07000006,Old,8.0,185
11.318696883852688,E07000007,Old,8.0,353
8.845910780669142,E07000008,Old,8.0,538
10.6295652173913,E07000009,Old,8.0,345
10.467918088737203,E07000010,Old,8.0,293
10.953316953316953,E07000011,Old,8.0,407
10.464825046040515,E07000012,Old,8.0,543
14.841758241758242,E07000026,Old,8.0,546
10.615894039735103,E07000027,Old,8.0,151
13.524042553191487,E07000028,Old,8.0,470
13.599636363636362,E07000029,Old,8.0,275
14.66538461538462,E07000030,Old,8.0,572
13.122685788787482,E07000031,Old,8.0,767
10.728052805280528,E07000032,Old,8.0,303
11.85090909090909,E07000033,Old,8.0,110
9.98811881188119,E07000034,Old,8.0,101
12.61354515050167,E07000035,Old,8.0,598
9.878461538461538,E07000036,Old,8.0,195
11.82117647058824,E07000037,Old,8.0,425
11.60420168067227,E07000038,Old,8.0,238
10.820134228187921,E07000039,Old,8.0,298
10.517668711656443,E07000040,Old,8.0,815
7.923135464231355,E07000041,Old,8.0,657
11.869398907103825,E07000042,Old,8.0,549
11.516180371352783,E07000043,Old,8.0,754
12.306070826306915,E07000044,Old,8.0,593
10.895741324921138,E07000045,Old,8.0,634
11.933149171270717,E07000046,Old,8.0,543
12.931365313653131,E07000047,Old,8.0,542
9.067576791808875,E07000061,Old,8.0,293
9.517765042979946,E07000062,Old,8.0,349
10.918456375838925,E07000063,Old,8.0,298
10.785826771653545,E07000064,Old,8.0,508
10.717465753424657,E07000065,Old,8.0,876
10.369841269841269,E07000066,Old,8.0,63
11.823,E07000067,Old,8.0,400
11.01582278481013,E07000068,Old,8.0,158
9.065909090909091,E07000069,Old,8.0,44
10.868148148148148,E07000070,Old,8.0,270
10.587848101265825,E07000071,Old,8.0,395
11.511180124223602,E07000072,Old,8.0,322
11.121739130434785,E07000073,Old,8.0,23
12.438554216867471,E07000074,Old,8.0,166
10.554430379746835,E07000075,Old,8.0,79
10.910752688172044,E07000076,Old,8.0,372
11.999765258215962,E07000077,Old,8.0,426
10.36814988290398,E07000078,Old,8.0,427
12.069448584202684,E07000079,Old,8.0,671
10.597723292469354,E07000080,Old,8.0,571
8.843302180685358,E07000081,Old,8.0,321
10.977662337662336,E07000082,Old,8.0,770
10.760984848484847,E07000083,Old,8.0,264
11.145108695652175,E07000084,Old,8.0,368
10.383700440528633,E07000085,Old,8.0,454
7.5708333333333355,E07000086,Old,8.0,144
8.117187499999998,E07000087,Old,8.0,128
8.72577319587629,E07000088,Old,8.0,97
9.649812734082396,E07000089,Old,8.0,267
8.757225433526012,E07000090,Old,8.0,173
9.361370716510903,E07000091,Old,8.0,642
9.072566371681415,E07000092,Old,8.0,113
11.173645320197044,E07000093,Old,8.0,406
9.918566176470593,E07000094,Old,8.0,544
10.233823529411765,E07000095,Old,8.0,68
10.03018292682927,E07000096,Old,8.0,328
10.92100456621005,E07000098,Old,8.0,219
10.296713615023478,E07000099,Old,8.0,426
10.614432989690721,E07000102,Old,8.0,194
8.424242424242422,E07000103,Old,8.0,198
11.090078328981726,E07000105,Old,8.0,383
9.749048625792813,E07000106,Old,8.0,473
9.715942028985507,E07000107,Old,8.0,69
10.215973741794313,E07000108,Old,8.0,457
9.986060606060605,E07000109,Old,8.0,165
10.441163793103446,E07000110,Old,8.0,464
11.401969365426698,E07000111,Old,8.0,457
10.19391891891892,E07000112,Old,8.0,444
10.052868852459016,E07000113,Old,8.0,244
9.80054794520548,E07000114,Old,8.0,730
10.373055555555554,E07000115,Old,8.0,360
10.557680722891568,E07000116,Old,8.0,664
10.90791139240506,E07000117,Old,8.0,316
10.524215246636773,E07000118,Old,8.0,223
10.821556886227546,E07000119,Old,8.0,501
11.720754716981133,E07000120,Old,8.0,212
10.413528591352861,E07000121,Old,8.0,717
10.844032921810701,E07000122,Old,8.0,486
10.553053435114506,E07000123,Old,8.0,524
12.978640776699027,E07000124,Old,8.0,309
12.289655172413791,E07000125,Old,8.0,232
10.097058823529414,E07000126,Old,8.0,170
10.750273224043717,E07000127,Old,8.0,366
11.444408945686899,E07000128,Old,8.0,313
11.42985074626866,E07000129,Old,8.0,134
10.347767857142856,E07000130,Old,8.0,448
13.264324324324322,E07000131,Old,8.0,370
11.537280701754385,E07000132,Old,8.0,228
12.538840579710143,E07000133,Old,8.0,345
11.23015873015873,E07000134,Old,8.0,252
10.248648648648647,E07000135,Old,8.0,37
12.091393442622952,E07000136,Old,8.0,244
12.544730941704039,E07000137,Old,8.0,892
9.046370967741936,E07000138,Old,8.0,248
12.628354430379744,E07000139,Old,8.0,395
12.63973509933775,E07000140,Old,8.0,302
12.446538461538463,E07000141,Old,8.0,520
12.405341880341878,E07000142,Old,8.0,468
11.663257575757573,E07000143,Old,8.0,528
11.01508379888268,E07000144,Old,8.0,358
9.502310231023104,E07000145,Old,8.0,303
12.24292452830189,E07000146,Old,8.0,636
12.380335365853659,E07000147,Old,8.0,656
9.6972049689441,E07000148,Old,8.0,322
11.88541300527241,E07000149,Old,8.0,569
11.911764705882353,E07000150,Old,8.0,17
12.917948717948716,E07000151,Old,8.0,312
12.861316872427984,E07000152,Old,8.0,243
11.133116883116884,E07000153,Old,8.0,154
10.190880503144657,E07000154,Old,8.0,318
11.947747747747746,E07000155,Old,8.0,333
10.537931034482757,E07000156,Old,8.0,116
13.072456575682384,E07000163,Old,8.0,403
13.583469721767594,E07000164,Old,8.0,611
12.802141527001861,E07000165,Old,8.0,1074
14.628490028490033,E07000166,Old,8.0,351
14.565310077519378,E07000167,Old,8.0,516
12.68723702664797,E07000168,Old,8.0,713
12.274213836477987,E07000169,Old,8.0,318
10.214728682170543,E07000170,Old,8.0,129
12.698811881188117,E07000171,Old,8.0,505
9.585792349726777,E07000172,Old,8.0,183
10.726845637583892,E07000173,Old,8.0,149
11.13084112149533,E07000174,Old,8.0,107
11.58494382022472,E07000175,Old,8.0,445
10.205899280575542,E07000176,Old,8.0,695
11.388679245283019,E07000177,Old,8.0,424
8.809686609686613,E07000178,Old,8.0,702
10.899059561128524,E07000179,Old,8.0,638
10.973880597014926,E07000180,Old,8.0,402
11.41308793456033,E07000181,Old,8.0,489
11.167355982274744,E07000187,Old,8.0,677
10.771684587813622,E07000188,Old,8.0,558
11.310118265440215,E07000189,Old,8.0,761
10.322807017543859,E07000192,Old,8.0,57
12.148596112311015,E07000193,Old,8.0,463
11.270138888888892,E07000194,Old,8.0,288
11.739826839826838,E07000195,Old,8.0,231
11.904979253112037,E07000196,Old,8.0,241
11.956304347826087,E07000197,Old,8.0,460
13.00182767624021,E07000198,Old,8.0,383
10.725,E07000199,Old,8.0,24
11.834447300771213,E07000200,Old,8.0,389
9.81029900332226,E07000202,Old,8.0,301
12.295850622406638,E07000203,Old,8.0,482
9.910047846889952,E07000207,Old,8.0,627
9.45032258064516,E07000208,Old,8.0,155
10.426629422718813,E07000209,Old,8.0,537
10.932031250000003,E07000210,Old,8.0,384
10.134869739478958,E07000211,Old,8.0,499
9.600000000000001,E07000212,Old,8.0,159
8.828476821192053,E07000213,Old,8.0,151
9.927551020408163,E07000214,Old,8.0,196
11.586967418546365,E07000215,Old,8.0,399
10.515074024226113,E07000216,Old,8.0,743
9.590217391304346,E07000217,Old,8.0,276
11.299999999999997,E07000218,Old,8.0,190
9.744444444444445,E07000219,Old,8.0,99
10.276993865030672,E07000220,Old,8.0,326
12.5760907504363,E07000221,Old,8.0,573
11.782905982905984,E07000222,Old,8.0,585
8.952083333333334,E07000223,Old,8.0,48
9.170773638968484,E07000224,Old,8.0,349
10.980597014925372,E07000225,Old,8.0,670
10.024137931034485,E07000226,Old,8.0,29
11.181640625,E07000227,Old,8.0,512
10.216770186335404,E07000228,Old,8.0,483
8.88076923076923,E07000229,Old,8.0,260
11.129411764705882,E07000234,Old,8.0,357
11.335604770017037,E07000235,Old,8.0,587
9.934117647058825,E07000236,Old,8.0,85
9.437792642140467,E07000237,Old,8.0,299
11.466897746967069,E07000238,Old,8.0,577
10.886394557823131,E07000239,Old,8.0,294
9.899779249448125,E07000240,Old,8.0,453
9.448765432098764,E07000241,Old,8.0,162
11.088916256157637,E07000242,Old,8.0,406
9.75483870967742,E07000243,Old,8.0,31
10.922390891840609,E07000244,Old,8.0,1054
11.985458167330677,E07000245,Old,8.0,502
11.92870478413069,E07000246,Old,8.0,857
10.407818181818184,E08000001,Old,8.0,550
11.220638297872338,E08000002,Old,8.0,470
9.254790096878361,E08000003,Old,8.0,1858
10.07460992907802,E08000004,Old,8.0,705
11.4673640167364,E08000005,Old,8.0,478
10.029218749999998,E08000006,Old,8.0,640
10.662159434914225,E08000007,Old,8.0,991
11.165299684542585,E08000008,Old,8.0,317
10.73021052631579,E08000009,Old,8.0,950
10.867692307692305,E08000010,Old,8.0,325
10.934722222222222,E08000011,Old,8.0,72
8.966666666666667,E08000012,Old,8.0,1629
11.204166666666666,E08000013,Old,8.0,192
11.132920024798509,E08000014,Old,8.0,1613
10.542597239648684,E08000015,Old,8.0,1594
11.52517006802721,E08000016,Old,8.0,294
11.856659619450316,E08000017,Old,8.0,473
11.846822742474917,E08000018,Old,8.0,299
10.04187432286024,E08000019,Old,8.0,1846
9.655764705882355,E08000021,Old,8.0,1275
10.924900398406377,E08000022,Old,8.0,502
11.67490909090909,E08000023,Old,8.0,275
11.901293103448278,E08000024,Old,8.0,464
9.818066528066526,E08000025,Old,8.0,4810
8.443652561247218,E08000026,Old,8.0,449
9.920962199312715,E08000027,Old,8.0,291
9.978515625,E08000028,Old,8.0,256
10.927945205479451,E08000029,Old,8.0,365
10.191242937853106,E08000030,Old,8.0,354
10.562908011869434,E08000031,Old,8.0,337
10.568591979075833,E08000032,Old,8.0,4588
12.189164598842014,E08000033,Old,8.0,1209
11.32856209150327,E08000034,Old,8.0,1530
9.263248638838474,E08000035,Old,8.0,3306
10.928602150537634,E08000036,Old,8.0,465
11.522815533980582,E08000037,Old,8.0,412
19.0,E09000001,Old,8.0,1
6.85,E09000002,Old,8.0,74
9.93487394957983,E09000003,Old,8.0,1190
9.074999999999998,E09000004,Old,8.0,212
8.761014492753624,E09000005,Old,8.0,690
9.758229426433918,E09000006,Old,8.0,802
10.806834532374104,E09000007,Old,8.0,834
9.89903498190591,E09000008,Old,8.0,829
9.032643884892087,E09000009,Old,8.0,1112
9.25785440613027,E09000010,Old,8.0,522
9.13150684931507,E09000011,Old,8.0,511
8.31089238845144,E09000012,Old,8.0,762
8.715596330275234,E09000013,Old,8.0,1308
8.776022972002867,E09000014,Old,8.0,1393
8.945614035087718,E09000015,Old,8.0,342
9.927053140096616,E09000016,Old,8.0,207
8.966850828729282,E09000017,Old,8.0,181
9.569713261648747,E09000018,Old,8.0,558
9.003337453646475,E09000019,Old,8.0,809
11.113892806770096,E09000020,Old,8.0,1418
9.198210290827744,E09000021,Old,8.0,447
9.3218963165075,E09000022,Old,8.0,1466
9.085956964892413,E09000023,Old,8.0,883
9.389827856025034,E09000024,Old,8.0,639
6.928260869565219,E09000025,Old,8.0,552
8.027168367346942,E09000026,Old,8.0,784
9.838289473684211,E09000027,Old,8.0,1520
9.091415313225063,E09000028,Old,8.0,862
9.34677419354839,E09000029,Old,8.0,496
7.65912408759124,E09000030,Old,8.0,137
6.916338880484116,E09000031,Old,8.0,661
9.213287401574805,E09000032,Old,8.0,2032
11.199369747899159,E09000033,Old,8.0,952
12.07356076759062,W06000001,Old,8.0,469
12.162571103526734,W06000002,Old,8.0,879
11.258432934926962,W06000003,Old,8.0,753
12.353254437869824,W06000004,Old,8.0,507
12.30484693877551,W06000005,Old,8.0,392
12.54311224489796,W06000006,Old,8.0,392
12.86698911729142,W06000008,Old,8.0,827
12.080605226960113,W06000009,Old,8.0,727
12.44878444084279,W06000010,Old,8.0,1234
9.213191489361702,W06000011,Old,8.0,940
10.106069364161849,W06000012,Old,8.0,346
9.841296928327646,W06000013,Old,8.0,293
10.444227642276424,W06000014,Old,8.0,615
7.562979258328093,W06000015,Old,8.0,1591
9.768070953436807,W06000016,Old,8.0,451
11.829268292682928,W06000018,Old,8.0,205
9.640449438202246,W06000019,Old,8.0,89
9.917592592592595,W06000020,Old,8.0,108
11.766842105263157,W06000021,Old,8.0,570
9.551895734597153,W06000022,Old,8.0,422
13.791407678244974,W06000023,Old,8.0,1094
12.969158878504675,W06000024,Old,8.0,107
13.99135135135135,E06000001,Old,9.0,185
11.656666666666668,E06000002,Old,9.0,120
14.668387096774197,E06000003,Old,9.0,155
13.823121387283235,E06000004,Old,9.0,173
14.651339285714286,E06000005,Old,9.0,224
11.857999999999999,E06000006,Old,9.0,50
12.865384615384615,E06000007,Old,9.0,182
13.597666666666663,E06000008,Old,9.0,300
10.28646288209607,E06000009,Old,9.0,229
11.079841897233203,E06000010,Old,9.0,253
14.694890510948907,E06000011,Old,9.0,959
13.148091603053436,E06000012,Old,9.0,131
13.85330882352941,E06000013,Old,9.0,272
12.189552238805973,E06000014,Old,9.0,268
10.350228310502285,E06000015,Old,9.0,219
10.8775956284153,E06000016,Old,9.0,366
15.877124183006535,E06000017,Old,9.0,153
10.475170842824602,E06000018,Old,9.0,439
14.677841561423653,E06000019,Old,9.0,871
12.851449275362318,E06000020,Old,9.0,138
10.586000000000002,E06000021,Old,9.0,100
12.460180180180178,E06000022,Old,9.0,555
10.911210317460322,E06000023,Old,9.0,1008
12.064566929133864,E06000024,Old,9.0,508
12.580000000000002,E06000025,Old,9.0,315
10.414712153518124,E06000026,Old,9.0,469
11.170312499999998,E06000027,Old,9.0,256
10.323300970873786,E06000030,Old,9.0,103
13.141871921182267,E06000031,Old,9.0,203
9.637179487179486,E06000032,Old,9.0,78
11.699591836734696,E06000033,Old,9.0,245
10.492857142857144,E06000034,Old,9.0,28
10.771532846715328,E06000035,Old,9.0,137
11.60212765957447,E06000036,Old,9.0,94
13.684225352112675,E06000037,Old,9.0,355
9.873134328358208,E06000038,Old,9.0,268
9.0,E06000039,Old,9.0,28
12.739682539682542,E06000040,Old,9.0,315
11.176328502415458,E06000041,Old,9.0,207
14.531372549019608,E06000042,Old,9.0,102
10.568660287081341,E06000043,Old,9.0,418
9.678709677419354,E06000044,Old,9.0,310
8.30217391304348,E06000045,Old,9.0,276
11.452173913043481,E06000046,Old,9.0,299
15.775702479338841,E06000047,Old,9.0,605
14.82246798603027,E06000049,Old,9.0,859
13.713497822931783,E06000050,Old,9.0,689
15.671847246891648,E06000051,Old,9.0,1126
12.958530006743088,E06000052,Old,9.0,1483
17.95,E06000053,Old,9.0,2
13.300967741935482,E06000054,Old,9.0,1240
12.262828947368423,E06000055,Old,9.0,304
12.998634812286689,E06000056,Old,9.0,293
17.50723589001447,E06000057,Old,9.0,691
10.848418972332015,E06000058,Old,9.0,506
13.154328018223236,E06000059,Old,9.0,878
11.476635514018694,E06000060,Old,9.0,321
12.468965517241378,E06000061,Old,9.0,58
12.633613445378153,E06000062,Old,9.0,119
13.510416666666666,E06000063,Old,9.0,48
14.612631578947369,E06000064,Old,9.0,95
13.311659192825113,E06000065,Old,9.0,223
12.137222222222226,E06000066,Old,9.0,180
14.045126353790616,E07000004,Old,9.0,277
12.628634361233479,E07000005,Old,9.0,227
12.985064935064932,E07000006,Old,9.0,154
12.918041237113401,E07000007,Old,9.0,194
10.308759124087592,E07000008,Old,9.0,274
13.476315789473684,E07000009,Old,9.0,152
12.406122448979593,E07000010,Old,9.0,147
13.78566037735849,E07000011,Old,9.0,265
12.218617021276598,E07000012,Old,9.0,376
16.557620817843862,E07000026,Old,9.0,269
11.732500000000002,E07000027,Old,9.0,80
16.188976377952756,E07000028,Old,9.0,254
16.00457516339869,E07000029,Old,9.0,153
16.941263940520447,E07000030,Old,9.0,269
15.543220338983051,E07000031,Old,9.0,472
13.586390532544378,E07000032,Old,9.0,169
13.284313725490197,E07000033,Old,9.0,51
12.401470588235293,E07000034,Old,9.0,68
15.201282051282051,E07000035,Old,9.0,312
11.68936170212766,E07000036,Old,9.0,94
13.432905982905984,E07000037,Old,9.0,234
12.9725,E07000038,Old,9.0,120
13.906617647058821,E07000039,Old,9.0,136
12.477564102564102,E07000040,Old,9.0,468
9.584362139917694,E07000041,Old,9.0,243
14.223545706371192,E07000042,Old,9.0,361
12.942997542997544,E07000043,Old,9.0,407
14.249570200573068,E07000044,Old,9.0,349
12.243750000000002,E07000045,Old,9.0,368
13.044816053511704,E07000046,Old,9.0,299
14.476687116564417,E07000047,Old,9.0,326
10.163694267515922,E07000061,Old,9.0,157
11.606896551724137,E07000062,Old,9.0,203
12.566985645933013,E07000063,Old,9.0,209
12.385664335664336,E07000064,Old,9.0,286
13.201034482758622,E07000065,Old,9.0,580
10.209090909090909,E07000066,Old,9.0,33
13.421739130434784,E07000067,Old,9.0,276
13.417894736842106,E07000068,Old,9.0,95
11.10625,E07000069,Old,9.0,16
13.393902439024393,E07000070,Old,9.0,164
12.946330275229363,E07000071,Old,9.0,218
13.874603174603175,E07000072,Old,9.0,189
12.24,E07000073,Old,9.0,15
13.997826086956522,E07000074,Old,9.0,92
12.6,E07000075,Old,9.0,40
12.594849785407723,E07000076,Old,9.0,233
13.745522388059701,E07000077,Old,9.0,268
12.91090909090909,E07000078,Old,9.0,275
14.140821256038645,E07000079,Old,9.0,414
12.63244837758112,E07000080,Old,9.0,339
9.926785714285714,E07000081,Old,9.0,112
12.472470588235293,E07000082,Old,9.0,425
12.148447204968944,E07000083,Old,9.0,161
13.168979591836733,E07000084,Old,9.0,245
12.939556962025316,E07000085,Old,9.0,316
9.298684210526316,E07000086,Old,9.0,76
11.195,E07000087,Old,9.0,60
9.816981132075473,E07000088,Old,9.0,53
11.114594594594596,E07000089,Old,9.0,185
9.947222222222225,E07000090,Old,9.0,108
11.526890756302523,E07000091,Old,9.0,357
11.365116279069767,E07000092,Old,9.0,43
13.557089552238807,E07000093,Old,9.0,268
12.993888888888886,E07000094,Old,9.0,360
13.697222222222223,E07000095,Old,9.0,36
11.613270142180093,E07000096,Old,9.0,211
12.392857142857142,E07000098,Old,9.0,112
12.90441767068273,E07000099,Old,9.0,249
12.877027027027026,E07000102,Old,9.0,148
10.072527472527472,E07000103,Old,9.0,91
12.19850746268657,E07000105,Old,9.0,268
11.239814814814816,E07000106,Old,9.0,216
11.666666666666666,E07000107,Old,9.0,30
12.565637065637066,E07000108,Old,9.0,259
13.068831168831167,E07000109,Old,9.0,77
11.784860557768924,E07000110,Old,9.0,251
13.22324159021407,E07000111,Old,9.0,327
13.355458515283841,E07000112,Old,9.0,229
12.89172932330827,E07000113,Old,9.0,133
11.08042168674699,E07000114,Old,9.0,332
11.384931506849316,E07000115,Old,9.0,219
12.751435406698565,E07000116,Old,9.0,418
12.707874015748033,E07000117,Old,9.0,127
13.091428571428573,E07000118,Old,9.0,140
13.246349206349208,E07000119,Old,9.0,315
13.38139534883721,E07000120,Old,9.0,86
11.839354838709676,E07000121,Old,9.0,310
12.55945945945946,E07000122,Old,9.0,222
12.479338842975206,E07000123,Old,9.0,242
15.192063492063493,E07000124,Old,9.0,189
15.889565217391304,E07000125,Old,9.0,115
11.77246376811594,E07000126,Old,9.0,69
13.742187499999998,E07000127,Old,9.0,192
11.687261146496816,E07000128,Old,9.0,157
11.67049180327869,E07000129,Old,9.0,61
12.131687242798352,E07000130,Old,9.0,243
13.831,E07000131,Old,9.0,200
13.679508196721311,E07000132,Old,9.0,122
14.715028901734101,E07000133,Old,9.0,173
13.16,E07000134,Old,9.0,160
13.525,E07000135,Old,9.0,28
13.894017094017094,E07000136,Old,9.0,117
14.917751479289944,E07000137,Old,9.0,507
11.865116279069769,E07000138,Old,9.0,129
14.714406779661019,E07000139,Old,9.0,236
13.257396449704142,E07000140,Old,9.0,169
14.593288590604027,E07000141,Old,9.0,298
14.122480620155036,E07000142,Old,9.0,258
13.718495297805642,E07000143,Old,9.0,319
13.549999999999997,E07000144,Old,9.0,202
11.217088607594935,E07000145,Old,9.0,158
14.158880778588811,E07000146,Old,9.0,411
14.110379746835443,E07000147,Old,9.0,395
12.79318181818182,E07000148,Old,9.0,176
13.971720116618073,E07000149,Old,9.0,343
16.794999999999998,E07000150,Old,9.0,20
14.065317919075143,E07000151,Old,9.0,173
14.041525423728814,E07000152,Old,9.0,118
14.864,E07000153,Old,9.0,100
11.745669291338585,E07000154,Old,9.0,127
14.687765957446809,E07000155,Old,9.0,188
14.906896551724136,E07000156,Old,9.0,58
15.153051643192489,E07000163,Old,9.0,213
15.176214833759593,E07000164,Old,9.0,391
14.886565096952909,E07000165,Old,9.0,722
17.826595744680855,E07000166,Old,9.0,188
18.358518518518522,E07000167,Old,9.0,270
14.131142857142857,E07000168,Old,9.0,350
14.165294117647061,E07000169,Old,9.0,170
11.725757575757575,E07000170,Old,9.0,66
13.647037037037036,E07000171,Old,9.0,270
10.487671232876712,E07000172,Old,9.0,73
12.70253164556962,E07000173,Old,9.0,79
13.047916666666666,E07000174,Old,9.0,48
14.097849462365591,E07000175,Old,9.0,279
11.775,E07000176,Old,9.0,308
14.453225806451607,E07000177,Old,9.0,248
11.129003021148035,E07000178,Old,9.0,331
12.848259860788865,E07000179,Old,9.0,431
12.962393162393164,E07000180,Old,9.0,234
14.025080385852087,E07000181,Old,9.0,311
13.887755102040817,E07000187,Old,9.0,392
12.715759312320914,E07000188,Old,9.0,349
13.918041237113401,E07000189,Old,9.0,388
12.287500000000001,E07000192,Old,9.0,16
14.045652173913043,E07000193,Old,9.0,230
14.165269461077846,E07000194,Old,9.0,167
13.941739130434783,E07000195,Old,9.0,115
14.181102362204724,E07000196,Old,9.0,127
14.412903225806453,E07000197,Old,9.0,248
14.933507853403142,E07000198,Old,9.0,191
12.147368421052633,E07000199,Old,9.0,19
15.031020408163268,E07000200,Old,9.0,245
11.687401574803147,E07000202,Old,9.0,127
14.116615384615386,E07000203,Old,9.0,325
11.428468899521532,E07000207,Old,9.0,418
10.666279069767443,E07000208,Old,9.0,86
11.73586005830904,E07000209,Old,9.0,343
12.556818181818183,E07000210,Old,9.0,264
12.185401459854017,E07000211,Old,9.0,274
11.109876543209877,E07000212,Old,9.0,81
11.30344827586207,E07000213,Old,9.0,58
11.300636942675162,E07000214,Old,9.0,157
13.228244274809162,E07000215,Old,9.0,262
12.358600000000001,E07000216,Old,9.0,500
11.159574468085106,E07000217,Old,9.0,188
14.363235294117647,E07000218,Old,9.0,136
11.26590909090909,E07000219,Old,9.0,44
12.879310344827585,E07000220,Old,9.0,174
14.727427184466016,E07000221,Old,9.0,412
13.126011560693643,E07000222,Old,9.0,346
11.983333333333333,E07000223,Old,9.0,30
11.289102564102564,E07000224,Old,9.0,156
13.17252475247525,E07000225,Old,9.0,404
9.184615384615384,E07000226,Old,9.0,13
12.870679012345681,E07000227,Old,9.0,324
12.634285714285712,E07000228,Old,9.0,315
10.835245901639345,E07000229,Old,9.0,122
13.923152709359604,E07000234,Old,9.0,203
13.865277777777775,E07000235,Old,9.0,360
12.11111111111111,E07000236,Old,9.0,36
11.724137931034482,E07000237,Old,9.0,116
12.9348623853211,E07000238,Old,9.0,327
13.4343949044586,E07000239,Old,9.0,157
11.492028985507243,E07000240,Old,9.0,276
13.442105263157895,E07000241,Old,9.0,95
13.80123966942149,E07000242,Old,9.0,242
12.385714285714286,E07000243,Old,9.0,7
12.829890453834114,E07000244,Old,9.0,639
14.509756097560976,E07000245,Old,9.0,287
13.788998035363457,E07000246,Old,9.0,509
12.332624113475179,E08000001,Old,9.0,282
13.053299492385786,E08000002,Old,9.0,197
10.497598253275108,E08000003,Old,9.0,916
12.799003322259134,E08000004,Old,9.0,301
13.591954022988507,E08000005,Old,9.0,174
12.199441340782124,E08000006,Old,9.0,358
12.464937759336097,E08000007,Old,9.0,482
14.013513513513518,E08000008,Old,9.0,185
12.689923954372624,E08000009,Old,9.0,526
13.90486111111111,E08000010,Old,9.0,144
17.253658536585366,E08000011,Old,9.0,41
11.968357810413885,E08000012,Old,9.0,749
13.04888888888889,E08000013,Old,9.0,90
13.442823803967325,E08000014,Old,9.0,857
12.002843016069221,E08000015,Old,9.0,809
12.4725,E08000016,Old,9.0,160
13.73740157480315,E08000017,Old,9.0,254
13.656756756756756,E08000018,Old,9.0,148
11.563188073394494,E08000019,Old,9.0,872
11.73083067092652,E08000021,Old,9.0,626
12.428389830508475,E08000022,Old,9.0,236
12.664462809917357,E08000023,Old,9.0,121
12.702898550724639,E08000024,Old,9.0,276
11.640443963183548,E08000025,Old,9.0,1847
10.054761904761905,E08000026,Old,9.0,168
11.000819672131149,E08000027,Old,9.0,122
11.396739130434783,E08000028,Old,9.0,92
13.593574297188756,E08000029,Old,9.0,249
12.440909090909088,E08000030,Old,9.0,154
12.101612903225805,E08000031,Old,9.0,124
12.48885281385281,E08000032,Old,9.0,1848
13.788461538461542,E08000033,Old,9.0,572
13.09078771695594,E08000034,Old,9.0,749
11.072891131939441,E08000035,Old,9.0,1387
13.177990430622014,E08000036,Old,9.0,209
12.592039800995025,E08000037,Old,9.0,201
8.361904761904762,E09000002,Old,9.0,21
11.671335504885992,E09000003,Old,9.0,614
11.257547169811323,E09000004,Old,9.0,106
10.44607843137255,E09000005,Old,9.0,306
11.570246085011185,E09000006,Old,9.0,447
12.831749049429657,E09000007,Old,9.0,526
11.479854368932036,E09000008,Old,9.0,412
11.106370656370657,E09000009,Old,9.0,518
11.115346534653463,E09000010,Old,9.0,202
11.432258064516125,E09000011,Old,9.0,217
9.493910256410256,E09000012,Old,9.0,312
9.853697749196138,E09000013,Old,9.0,622
10.72967409948542,E09000014,Old,9.0,583
10.562576687116563,E09000015,Old,9.0,163
10.969999999999999,E09000016,Old,9.0,90
10.698058252427185,E09000017,Old,9.0,103
11.405622489959839,E09000018,Old,9.0,249
10.615648854961833,E09000019,Old,9.0,262
12.719867549668875,E09000020,Old,9.0,906
11.065106382978724,E09000021,Old,9.0,235
10.791573033707866,E09000022,Old,9.0,712
10.406122448979591,E09000023,Old,9.0,392
11.605050505050505,E09000024,Old,9.0,297
7.598882681564245,E09000025,Old,9.0,179
9.14984984984985,E09000026,Old,9.0,333
11.799739583333333,E09000027,Old,9.0,768
11.150746268656716,E09000028,Old,9.0,335
10.46848739495798,E09000029,Old,9.0,238
10.545454545454545,E09000030,Old,9.0,33
8.12142857142857,E09000031,Old,9.0,210
11.455367913148372,E09000032,Old,9.0,829
12.572268907563025,E09000033,Old,9.0,595
14.089534883720928,W06000001,Old,9.0,258
13.053348214285718,W06000002,Old,9.0,448
13.013594470046085,W06000003,Old,9.0,434
14.948397435897437,W06000004,Old,9.0,312
13.518947368421054,W06000005,Old,9.0,190
14.079591836734691,W06000006,Old,9.0,196
13.434112149532709,W06000008,Old,9.0,428
13.947978436657683,W06000009,Old,9.0,371
14.148030018761725,W06000010,Old,9.0,533
10.466233766233769,W06000011,Old,9.0,385
14.188571428571429,W06000012,Old,9.0,140
11.850757575757573,W06000013,Old,9.0,132
12.278549848942598,W06000014,Old,9.0,331
8.816044260027665,W06000015,Old,9.0,723
12.01552795031056,W06000016,Old,9.0,161
11.44949494949495,W06000018,Old,9.0,99
12.501886792452831,W06000019,Old,9.0,53
11.876595744680852,W06000020,Old,9.0,47
14.56854599406528,W06000021,Old,9.0,337
11.371808510638296,W06000022,Old,9.0,188
15.744102564102569,W06000023,Old,9.0,585
13.013513513513514,W06000024,Old,9.0,37
20.46144578313253,E06000001,Old,10.0,166
17.767586206896553,E06000002,Old,10.0,145
19.872180451127818,E06000003,Old,10.0,133
17.143367346938774,E06000004,Old,10.0,196
17.399290780141847,E06000005,Old,10.0,141
23.51224489795918,E06000006,Old,10.0,49
17.780891719745224,E06000007,Old,10.0,157
19.863451776649747,E06000008,Old,10.0,394
14.201481481481482,E06000009,Old,10.0,405
15.092307692307694,E06000010,Old,10.0,182
21.44838709677419,E06000011,Old,10.0,992
18.72719298245614,E06000012,Old,10.0,114
19.333333333333332,E06000013,Old,10.0,261
16.5444099378882,E06000014,Old,10.0,322
15.853398058252427,E06000015,Old,10.0,206
14.303787878787878,E06000016,Old,10.0,264
22.513145539906095,E06000017,Old,10.0,213
16.723689727463313,E06000018,Old,10.0,477
22.47288888888889,E06000019,Old,10.0,1125
19.003797468354428,E06000020,Old,10.0,158
14.220909090909092,E06000021,Old,10.0,110
17.763387978142074,E06000022,Old,10.0,732
14.345792563600781,E06000023,Old,10.0,1022
17.07181328545781,E06000024,Old,10.0,557
18.492415730337076,E06000025,Old,10.0,356
12.995866141732284,E06000026,Old,10.0,508
16.535142118863046,E06000027,Old,10.0,387
17.28758620689655,E06000030,Old,10.0,145
20.856807511737085,E06000031,Old,10.0,213
12.544262295081968,E06000032,Old,10.0,61
14.547023809523813,E06000033,Old,10.0,168
15.423684210526316,E06000034,Old,10.0,38
15.403199999999996,E06000035,Old,10.0,125
19.797619047619047,E06000036,Old,10.0,126
20.73743760399335,E06000037,Old,10.0,601
12.763265306122449,E06000038,Old,10.0,245
10.712499999999999,E06000039,Old,10.0,24
18.74849884526559,E06000040,Old,10.0,433
18.50733590733591,E06000041,Old,10.0,259
19.429878048780488,E06000042,Old,10.0,164
14.941961852861038,E06000043,Old,10.0,367
13.128363636363638,E06000044,Old,10.0,275
11.355555555555556,E06000045,Old,10.0,216
17.216666666666665,E06000046,Old,10.0,408
21.914354066985645,E06000047,Old,10.0,627
20.593122171945698,E06000049,Old,10.0,1105
20.54476495726496,E06000050,Old,10.0,936
23.782,E06000051,Old,10.0,1500
17.707291666666666,E06000052,Old,10.0,1536
27.25,E06000053,Old,10.0,4
20.35527377521614,E06000054,Old,10.0,1735
17.267171717171717,E06000055,Old,10.0,396
18.334328358208957,E06000056,Old,10.0,335
26.322069693769798,E06000057,Old,10.0,947
14.5462962962963,E06000058,Old,10.0,540
20.436108597285067,E06000059,Old,10.0,1105
16.777827050997786,E06000060,Old,10.0,451
18.668041237113403,E06000061,Old,10.0,97
19.305333333333333,E06000062,Old,10.0,150
19.396551724137932,E06000063,Old,10.0,58
20.072727272727267,E06000064,Old,10.0,88
18.64736842105263,E06000065,Old,10.0,247
17.763043478260872,E06000066,Old,10.0,230
20.08130311614731,E07000004,Old,10.0,353
18.305,E07000005,Old,10.0,320
18.114339622641506,E07000006,Old,10.0,265
19.797890295358652,E07000007,Old,10.0,237
14.187205387205383,E07000008,Old,10.0,297
18.8984375,E07000009,Old,10.0,192
17.315753424657533,E07000010,Old,10.0,146
20.736734693877555,E07000011,Old,10.0,294
17.457080610021787,E07000012,Old,10.0,459
24.047709923664122,E07000026,Old,10.0,262
20.542105263157897,E07000027,Old,10.0,57
24.82244897959184,E07000028,Old,10.0,196
23.92616279069768,E07000029,Old,10.0,172
25.152698412698413,E07000030,Old,10.0,315
20.954588235294118,E07000031,Old,10.0,425
20.957303370786516,E07000032,Old,10.0,178
22.60555555555555,E07000033,Old,10.0,54
16.580000000000002,E07000034,Old,10.0,50
20.98143564356436,E07000035,Old,10.0,404
14.545333333333334,E07000036,Old,10.0,75
19.098943661971834,E07000037,Old,10.0,284
18.107194244604315,E07000038,Old,10.0,139
21.261142857142858,E07000039,Old,10.0,175
17.421646341463415,E07000040,Old,10.0,656
13.359272727272728,E07000041,Old,10.0,275
18.97302752293578,E07000042,Old,10.0,545
17.799526813880124,E07000043,Old,10.0,634
19.796514161220042,E07000044,Old,10.0,459
21.80119760479042,E07000045,Old,10.0,501
17.072271386430682,E07000046,Old,10.0,339
20.66813186813187,E07000047,Old,10.0,455
14.594759825327513,E07000061,Old,10.0,229
14.9296992481203,E07000062,Old,10.0,266
19.046478873239437,E07000063,Old,10.0,284
19.411380145278454,E07000064,Old,10.0,413
19.18105726872247,E07000065,Old,10.0,908
15.344000000000001,E07000066,Old,10.0,25
20.468888888888888,E07000067,Old,10.0,360
19.375833333333336,E07000068,Old,10.0,120
12.5,E07000069,Old,10.0,5
19.516384180790965,E07000070,Old,10.0,177
18.48233215547703,E07000071,Old,10.0,283
20.978632478632477,E07000072,Old,10.0,234
13.64,E07000073,Old,10.0,10
20.14105960264901,E07000074,Old,10.0,151
17.310526315789474,E07000075,Old,10.0,38
17.313108614232206,E07000076,Old,10.0,267
20.319559902200492,E07000077,Old,10.0,409
16.90966767371601,E07000078,Old,10.0,331
21.287746478873242,E07000079,Old,10.0,710
19.77974358974359,E07000080,Old,10.0,390
13.614942528735632,E07000081,Old,10.0,174
18.745819397993312,E07000082,Old,10.0,598
20.79911894273128,E07000083,Old,10.0,227
23.378947368421056,E07000084,Old,10.0,399
20.488261851015803,E07000085,Old,10.0,443
12.828,E07000086,Old,10.0,50
14.351190476190476,E07000087,Old,10.0,84
13.781666666666666,E07000088,Old,10.0,60
16.264885496183204,E07000089,Old,10.0,262
15.266666666666666,E07000090,Old,10.0,93
16.98791208791209,E07000091,Old,10.0,455
13.63846153846154,E07000092,Old,10.0,52
20.06739811912226,E07000093,Old,10.0,319
18.730960264900663,E07000094,Old,10.0,604
16.613793103448273,E07000095,Old,10.0,58
17.022727272727273,E07000096,Old,10.0,220
19.214935064935066,E07000098,Old,10.0,154
18.696268656716416,E07000099,Old,10.0,268
17.705952380952382,E07000102,Old,10.0,168
12.864615384615385,E07000103,Old,10.0,65
17.596615384615383,E07000105,Old,10.0,325
15.128464419475655,E07000106,Old,10.0,267
16.856,E07000107,Old,10.0,25
17.953465346534653,E07000108,Old,10.0,303
16.678260869565218,E07000109,Old,10.0,92
17.812765957446807,E07000110,Old,10.0,376
19.18505976095618,E07000111,Old,10.0,502
16.895501730103806,E07000112,Old,10.0,289
18.38266666666667,E07000113,Old,10.0,150
15.415864022662893,E07000114,Old,10.0,353
18.262798634812288,E07000115,Old,10.0,293
18.75645933014354,E07000116,Old,10.0,627
17.27920792079208,E07000117,Old,10.0,101
16.556692913385824,E07000118,Old,10.0,127
17.64275362318841,E07000119,Old,10.0,276
15.706315789473683,E07000120,Old,10.0,95
17.887719298245614,E07000121,Old,10.0,342
17.007692307692306,E07000122,Old,10.0,182
16.865637065637063,E07000123,Old,10.0,259
20.190625000000004,E07000124,Old,10.0,256
18.058666666666667,E07000125,Old,10.0,150
15.84074074074074,E07000126,Old,10.0,54
17.502162162162165,E07000127,Old,10.0,185
17.432061068702293,E07000128,Old,10.0,131
20.129545454545454,E07000129,Old,10.0,88
17.842045454545453,E07000130,Old,10.0,264
21.075492957746484,E07000131,Old,10.0,355
20.22817679558011,E07000132,Old,10.0,181
20.674449339207047,E07000133,Old,10.0,227
18.092391304347824,E07000134,Old,10.0,184
16.509677419354837,E07000135,Old,10.0,31
17.139823008849557,E07000136,Old,10.0,113
21.39818511796733,E07000137,Old,10.0,551
17.268749999999997,E07000138,Old,10.0,128
21.552363636363634,E07000139,Old,10.0,275
20.095049504950495,E07000140,Old,10.0,202
21.32543352601156,E07000141,Old,10.0,346
20.709356725146204,E07000142,Old,10.0,342
19.3045766590389,E07000143,Old,10.0,437
20.761128526645766,E07000144,Old,10.0,319
14.724644549763036,E07000145,Old,10.0,211
20.66948529411765,E07000146,Old,10.0,544
20.743068391866913,E07000147,Old,10.0,541
15.09943181818182,E07000148,Old,10.0,176
21.04858387799564,E07000149,Old,10.0,459
17.934782608695652,E07000150,Old,10.0,23
23.232565789473682,E07000151,Old,10.0,304
22.573214285714283,E07000152,Old,10.0,168
20.348936170212767,E07000153,Old,10.0,94
16.151798561151082,E07000154,Old,10.0,139
20.454205607476638,E07000155,Old,10.0,321
19.615584415584415,E07000156,Old,10.0,77
20.22488888888889,E07000163,Old,10.0,225
22.97330754352031,E07000164,Old,10.0,517
19.809443099273608,E07000165,Old,10.0,826
25.803333333333335,E07000166,Old,10.0,240
25.06344827586207,E07000167,Old,10.0,435
18.24145785876993,E07000168,Old,10.0,439
20.257225433526017,E07000169,Old,10.0,173
16.740000000000002,E07000170,Old,10.0,35
21.531896551724138,E07000171,Old,10.0,348
20.083561643835615,E07000172,Old,10.0,73
15.375555555555557,E07000173,Old,10.0,90
19.060526315789474,E07000174,Old,10.0,38
19.3985590778098,E07000175,Old,10.0,347
19.538125,E07000176,Old,10.0,320
20.15888888888889,E07000177,Old,10.0,360
15.362953995157383,E07000178,Old,10.0,413
20.286163522012583,E07000179,Old,10.0,636
19.176732673267328,E07000180,Old,10.0,404
21.89915074309979,E07000181,Old,10.0,471
19.526694045174537,E07000187,Old,10.0,487
17.207956989247315,E07000188,Old,10.0,465
20.53401486988848,E07000189,Old,10.0,538
11.911764705882353,E07000192,Old,10.0,17
19.60223880597015,E07000193,Old,10.0,268
20.124175824175826,E07000194,Old,10.0,182
21.11181102362205,E07000195,Old,10.0,127
20.383333333333336,E07000196,Old,10.0,174
21.60960264900662,E07000197,Old,10.0,302
22.770916334661354,E07000198,Old,10.0,251
17.55625,E07000199,Old,10.0,16
21.451010101010098,E07000200,Old,10.0,396
15.478915662650605,E07000202,Old,10.0,166
20.133985330073347,E07000203,Old,10.0,409
17.520110701107015,E07000207,Old,10.0,542
15.733333333333336,E07000208,Old,10.0,69
17.72575452716298,E07000209,Old,10.0,497
19.096969696969694,E07000210,Old,10.0,396
17.358602150537635,E07000211,Old,10.0,372
22.68606557377049,E07000212,Old,10.0,122
14.76271186440678,E07000213,Old,10.0,59
17.654146341463413,E07000214,Old,10.0,205
18.588050314465416,E07000215,Old,10.0,477
19.257696969696973,E07000216,Old,10.0,825
16.412734082397005,E07000217,Old,10.0,267
19.476623376623376,E07000218,Old,10.0,154
14.1,E07000219,Old,10.0,27
18.430434782608693,E07000220,Old,10.0,207
20.538628762541805,E07000221,Old,10.0,598
20.24979674796748,E07000222,Old,10.0,492
12.671428571428573,E07000223,Old,10.0,21
15.889705882352942,E07000224,Old,10.0,204
19.67082601054482,E07000225,Old,10.0,569
13.47272727272727,E07000226,Old,10.0,22
20.20191387559809,E07000227,Old,10.0,418
19.290344827586207,E07000228,Old,10.0,435
12.752272727272727,E07000229,Old,10.0,88
18.40588235294118,E07000234,Old,10.0,255
22.53985102420857,E07000235,Old,10.0,537
17.653488372093022,E07000236,Old,10.0,43
15.830630630630633,E07000237,Old,10.0,111
19.191764705882353,E07000238,Old,10.0,510
19.44233128834356,E07000239,Old,10.0,163
15.912403100775192,E07000240,Old,10.0,258
18.33968253968254,E07000241,Old,10.0,126
21.802000000000003,E07000242,Old,10.0,350
16.7,E07000243,Old,10.0,5
19.50375469336671,E07000244,Old,10.0,799
21.97559241706161,E07000245,Old,10.0,422
21.627370030581037,E07000246,Old,10.0,654
16.036624203821656,E08000001,Old,10.0,314
17.373404255319148,E08000002,Old,10.0,188
15.420321361058598,E08000003,Old,10.0,1058
17.238202247191012,E08000004,Old,10.0,267
19.005084745762712,E08000005,Old,10.0,236
16.419209039548026,E08000006,Old,10.0,354
15.665046296296294,E08000007,Old,10.0,432
19.91867469879518,E08000008,Old,10.0,166
18.99321486268174,E08000009,Old,10.0,619
16.861038961038965,E08000010,Old,10.0,154
26.416666666666668,E08000011,Old,10.0,42
15.474213075060534,E08000012,Old,10.0,826
17.159493670886075,E08000013,Old,10.0,79
18.391746307558645,E08000014,Old,10.0,1151
16.82960609911055,E08000015,Old,10.0,787
20.82049180327869,E08000016,Old,10.0,122
19.39646017699115,E08000017,Old,10.0,226
18.55568862275449,E08000018,Old,10.0,167
16.23068592057762,E08000019,Old,10.0,831
15.764979757085023,E08000021,Old,10.0,494
16.191946308724834,E08000022,Old,10.0,149
23.020661157024794,E08000023,Old,10.0,121
17.121126760563378,E08000024,Old,10.0,213
16.069548387096777,E08000025,Old,10.0,1550
13.262995594713656,E08000026,Old,10.0,227
16.001834862385323,E08000027,Old,10.0,109
16.08648648648649,E08000028,Old,10.0,74
16.654609929078017,E08000029,Old,10.0,282
14.232467532467533,E08000030,Old,10.0,154
16.113223140495865,E08000031,Old,10.0,121
17.147425208435507,E08000032,Old,10.0,2039
17.702611940298507,E08000033,Old,10.0,536
16.869220246238026,E08000034,Old,10.0,731
14.99772344013491,E08000035,Old,10.0,1186
18.019704433497537,E08000036,Old,10.0,203
14.60935251798561,E08000037,Old,10.0,139
9.4,E09000001,Old,10.0,2
10.95,E09000002,Old,10.0,20
16.49488117001828,E09000003,Old,10.0,547
16.28918918918919,E09000004,Old,10.0,74
12.82610294117647,E09000005,Old,10.0,272
16.746833013435698,E09000006,Old,10.0,521
18.60989956958393,E09000007,Old,10.0,697
15.237671232876712,E09000008,Old,10.0,438
14.730687830687833,E09000009,Old,10.0,567
14.577358490566036,E09000010,Old,10.0,159
15.90052631578947,E09000011,Old,10.0,190
10.817874396135267,E09000012,Old,10.0,207
11.398352941176471,E09000013,Old,10.0,425
14.054485776805254,E09000014,Old,10.0,457
14.542953020134231,E09000015,Old,10.0,149
16.301351351351354,E09000016,Old,10.0,74
13.597560975609756,E09000017,Old,10.0,82
14.817460317460318,E09000018,Old,10.0,189
13.241991341991342,E09000019,Old,10.0,231
19.03104534005037,E09000020,Old,10.0,1588
15.96788990825688,E09000021,Old,10.0,218
13.863387978142077,E09000022,Old,10.0,549
14.026100628930815,E09000023,Old,10.0,318
18.038218390804595,E09000024,Old,10.0,348
9.648412698412699,E09000025,Old,10.0,126
12.045614035087718,E09000026,Old,10.0,228
16.326592797783928,E09000027,Old,10.0,722
15.495804195804194,E09000028,Old,10.0,286
14.217159763313608,E09000029,Old,10.0,169
13.681818181818182,E09000030,Old,10.0,55
10.44862385321101,E09000031,Old,10.0,109
15.483704572098475,E09000032,Old,10.0,853
20.508468776732247,E09000033,Old,10.0,1169
20.004365079365076,W06000001,Old,10.0,252
19.864033613445375,W06000002,Old,10.0,595
18.070186335403726,W06000003,Old,10.0,483
20.960199004975124,W06000004,Old,10.0,402
25.326104417670685,W06000005,Old,10.0,249
21.346478873239437,W06000006,Old,10.0,213
21.95768115942029,W06000008,Old,10.0,345
21.793435448577682,W06000009,Old,10.0,457
20.08626465661641,W06000010,Old,10.0,597
13.961470588235295,W06000011,Old,10.0,340
17.279411764705884,W06000012,Old,10.0,136
17.3944,W06000013,Old,10.0,125
17.141274238227147,W06000014,Old,10.0,361
11.685510204081636,W06000015,Old,10.0,490
18.19325153374233,W06000016,Old,10.0,163
18.206060606060607,W06000018,Old,10.0,99
15.817142857142859,W06000019,Old,10.0,35
15.310869565217393,W06000020,Old,10.0,46
20.486542923433877,W06000021,Old,10.0,431
16.29208333333333,W06000022,Old,10.0,240
23.729137199434224,W06000023,Old,10.0,707
17.978125,W06000024,Old,10.0,32
2.876673427991886,E06000001,Recent,1.0,493
2.053094660194176,E06000002,Recent,1.0,1648
3.6566739606126912,E06000003,Recent,1.0,457
2.75889175257732,E06000004,Recent,1.0,776
3.096011396011396,E06000005,Recent,1.0,351
4.013644859813083,E06000006,Recent,1.0,535
3.7398457583547544,E06000007,Recent,1.0,778
3.0181388012618307,E06000008,Recent,1.0,634
3.481399631675873,E06000009,Recent,1.0,1629
3.532639250390422,E06000010,Recent,1.0,1921
4.2802997858672365,E06000011,Recent,1.0,1401
3.4393939393939386,E06000012,Recent,1.0,693
4.81522491349481,E06000013,Recent,1.0,289
3.514740566037738,E06000014,Recent,1.0,848
3.3933751743375162,E06000015,Recent,1.0,1434
2.5873593646591644,E06000016,Recent,1.0,3022
3.522500000000001,E06000017,Recent,1.0,80
2.236909776102866,E06000018,Recent,1.0,4511
3.739922178988323,E06000019,Recent,1.0,1285
3.531764705882353,E06000020,Recent,1.0,680
3.8913096695226437,E06000021,Recent,1.0,817
2.96815703380589,E06000022,Recent,1.0,917
2.3422659817351623,E06000023,Recent,1.0,3504
2.748750946252839,E06000024,Recent,1.0,1321
3.0512195121951216,E06000025,Recent,1.0,1599
2.7853919909757483,E06000026,Recent,1.0,3546
3.472555865921787,E06000027,Recent,1.0,1432
2.783957654723128,E06000030,Recent,1.0,1228
2.5370925684484997,E06000031,Recent,1.0,1534
2.332927400468386,E06000032,Recent,1.0,2135
2.540200375704446,E06000033,Recent,1.0,1597
2.9344005021971133,E06000034,Recent,1.0,1593
2.4155984555984595,E06000035,Recent,1.0,2590
2.3548801369863015,E06000036,Recent,1.0,1168
2.7698049194232404,E06000037,Recent,1.0,1179
2.154744897959182,E06000038,Recent,1.0,1960
2.2905475504322763,E06000039,Recent,1.0,1735
2.5905142857142853,E06000040,Recent,1.0,875
2.6719152854511963,E06000041,Recent,1.0,1086
2.3812896922325337,E06000042,Recent,1.0,2047
2.2087661515074717,E06000043,Recent,1.0,3947
2.4503015681544036,E06000044,Recent,1.0,2487
2.795083841463413,E06000045,Recent,1.0,5248
3.3249730893433798,E06000046,Recent,1.0,929
3.221324863883851,E06000047,Recent,1.0,1102
3.6220984759671766,E06000049,Recent,1.0,1706
3.54484396200814,E06000050,Recent,1.0,1474
3.969999999999998,E06000051,Recent,1.0,1570
4.459569153918205,E06000052,Recent,1.0,6406
3.6929411764705895,E06000053,Recent,1.0,85
3.50301369863014,E06000054,Recent,1.0,2190
2.6646222887060573,E06000055,Recent,1.0,1337
2.9691753402722165,E06000056,Recent,1.0,1249
3.6972417251755263,E06000057,Recent,1.0,1994
2.529685007974478,E06000058,Recent,1.0,5016
3.5372236503856045,E06000059,Recent,1.0,1945
2.287515762925601,E06000060,Recent,1.0,793
2.9443946188340813,E06000061,Recent,1.0,223
2.7038004750593827,E06000062,Recent,1.0,421
3.9302325581395343,E06000063,Recent,1.0,86
5.204672897196263,E06000064,Recent,1.0,107
3.9427419354838715,E06000065,Recent,1.0,124
3.5498127340823995,E06000066,Recent,1.0,267
2.781910274963821,E07000004,Recent,1.0,691
3.2758196721311474,E07000005,Recent,1.0,244
2.741904761904762,E07000006,Recent,1.0,210
2.601066098081023,E07000007,Recent,1.0,938
1.8679494543365878,E07000008,Recent,1.0,1741
3.986266094420601,E07000009,Recent,1.0,233
3.496163682864449,E07000010,Recent,1.0,391
3.4674025974025975,E07000011,Recent,1.0,770
3.524521072796936,E07000012,Recent,1.0,522
4.55536332179931,E07000026,Recent,1.0,289
4.259677419354841,E07000027,Recent,1.0,310
4.589309576837416,E07000028,Recent,1.0,449
4.750545454545455,E07000029,Recent,1.0,275
3.871309192200558,E07000030,Recent,1.0,359
4.443578947368421,E07000031,Recent,1.0,475
4.5549295774647875,E07000032,Recent,1.0,213
2.2185454545454553,E07000033,Recent,1.0,275
2.9746594005449607,E07000034,Recent,1.0,367
3.459911894273128,E07000035,Recent,1.0,227
4.110344827586207,E07000036,Recent,1.0,406
2.361827956989247,E07000037,Recent,1.0,372
3.464044943820224,E07000038,Recent,1.0,178
3.5948275862068964,E07000039,Recent,1.0,232
3.961585365853658,E07000040,Recent,1.0,820
2.9005468750000007,E07000041,Recent,1.0,1280
4.485430463576159,E07000042,Recent,1.0,453
4.33912213740458,E07000043,Recent,1.0,524
4.397364953886693,E07000044,Recent,1.0,759
4.066285714285712,E07000045,Recent,1.0,875
5.630346820809249,E07000046,Recent,1.0,346
4.613028169014086,E07000047,Recent,1.0,284
2.313197026022303,E07000061,Recent,1.0,1614
2.9991721854304636,E07000062,Recent,1.0,604
2.4227178423236504,E07000063,Recent,1.0,964
3.321910112359552,E07000064,Recent,1.0,712
3.410483870967742,E07000065,Recent,1.0,744
2.8069221967963354,E07000066,Recent,1.0,1748
3.588204592901879,E07000067,Recent,1.0,958
2.479932546374368,E07000068,Recent,1.0,593
3.3009493670886103,E07000069,Recent,1.0,632
3.3182942708333325,E07000070,Recent,1.0,1536
2.7430414120841826,E07000071,Recent,1.0,1473
2.861080485115766,E07000072,Recent,1.0,907
1.936283961437335,E07000073,Recent,1.0,1141
4.276383763837635,E07000074,Recent,1.0,271
3.1897872340425533,E07000075,Recent,1.0,470
3.4731227343345434,E07000076,Recent,1.0,1931
3.28805031446541,E07000077,Recent,1.0,318
2.8162005785920923,E07000078,Recent,1.0,1037
3.6454285714285706,E07000079,Recent,1.0,350
3.6676012461059195,E07000080,Recent,1.0,321
2.918512110726643,E07000081,Recent,1.0,1156
3.3233108108108107,E07000082,Recent,1.0,592
3.3089230769230764,E07000083,Recent,1.0,650
2.241050295857989,E07000084,Recent,1.0,1352
2.6382286995515694,E07000085,Recent,1.0,892
2.6627118644067806,E07000086,Recent,1.0,885
3.338601398601399,E07000087,Recent,1.0,715
4.453768278965129,E07000088,Recent,1.0,889
3.087096774193547,E07000089,Recent,1.0,434
3.113866666666666,E07000090,Recent,1.0,1500
2.694101876675602,E07000091,Recent,1.0,1492
2.208230958230958,E07000092,Recent,1.0,814
3.369254658385093,E07000093,Recent,1.0,644
2.989830508474576,E07000094,Recent,1.0,649
2.3463093145869944,E07000095,Recent,1.0,1138
2.9844776119402994,E07000096,Recent,1.0,1005
2.5173106646058745,E07000098,Recent,1.0,647
2.6909194097616322,E07000099,Recent,1.0,881
2.731719532554257,E07000102,Recent,1.0,599
2.0718557607739663,E07000103,Recent,1.0,1137
3.5258188824662833,E07000105,Recent,1.0,519
2.506545454545455,E07000106,Recent,1.0,1375
2.5686945500633724,E07000107,Recent,1.0,789
2.9640287769784175,E07000108,Recent,1.0,556
2.953859964093356,E07000109,Recent,1.0,557
2.875516224188789,E07000110,Recent,1.0,1017
3.343233082706768,E07000111,Recent,1.0,532
2.6719162995594714,E07000112,Recent,1.0,908
3.36870588235294,E07000113,Recent,1.0,850
2.631467181467182,E07000114,Recent,1.0,1036
2.7960288808664266,E07000115,Recent,1.0,554
2.8464250734573953,E07000116,Recent,1.0,1021
2.937064676616915,E07000117,Recent,1.0,402
3.4449704142011837,E07000118,Recent,1.0,507
4.352347417840377,E07000119,Recent,1.0,426
2.9627192982456148,E07000120,Recent,1.0,228
2.8322000000000016,E07000121,Recent,1.0,1000
3.16981981981982,E07000122,Recent,1.0,222
2.761532056619485,E07000123,Recent,1.0,1201
2.3156249999999994,E07000124,Recent,1.0,192
2.4555133079847913,E07000125,Recent,1.0,263
4.110109890109891,E07000126,Recent,1.0,455
4.548137535816618,E07000127,Recent,1.0,349
4.123117338003501,E07000128,Recent,1.0,571
3.632996632996633,E07000129,Recent,1.0,297
2.4617021276595743,E07000130,Recent,1.0,1128
2.905857740585774,E07000131,Recent,1.0,239
3.295275590551181,E07000132,Recent,1.0,381
3.660165975103736,E07000133,Recent,1.0,241
3.7584558823529406,E07000134,Recent,1.0,272
3.1179054054054047,E07000135,Recent,1.0,296
2.616194331983807,E07000136,Recent,1.0,494
4.028295042321643,E07000137,Recent,1.0,827
2.171932299012696,E07000138,Recent,1.0,709
4.839483394833949,E07000139,Recent,1.0,271
5.362549800796812,E07000140,Recent,1.0,251
3.6168478260869565,E07000141,Recent,1.0,552
5.936708860759493,E07000142,Recent,1.0,158
3.4420343137254896,E07000143,Recent,1.0,816
4.30927536231884,E07000144,Recent,1.0,345
4.416108452950557,E07000145,Recent,1.0,627
4.173488372093023,E07000146,Recent,1.0,860
4.72990506329114,E07000147,Recent,1.0,632
2.5508462104488587,E07000148,Recent,1.0,1359
4.4369168356997974,E07000149,Recent,1.0,493
3.0936651583710413,E07000150,Recent,1.0,221
3.4265372168284776,E07000151,Recent,1.0,309
3.7573863636363636,E07000152,Recent,1.0,352
3.5905228758169927,E07000153,Recent,1.0,306
2.7101801801801795,E07000154,Recent,1.0,1110
4.138990825688075,E07000155,Recent,1.0,218
2.855319148936171,E07000156,Recent,1.0,235
3.4402730375426622,E07000163,Recent,1.0,293
5.276470588235294,E07000164,Recent,1.0,187
3.9483082706766917,E07000165,Recent,1.0,532
2.525660377358492,E07000166,Recent,1.0,265
5.869965870307167,E07000167,Recent,1.0,293
4.7939655172413795,E07000168,Recent,1.0,348
3.8394230769230773,E07000169,Recent,1.0,312
2.8451923076923076,E07000170,Recent,1.0,520
3.3454332552693207,E07000171,Recent,1.0,427
4.016616314199396,E07000172,Recent,1.0,331
2.689236545682102,E07000173,Recent,1.0,799
3.5845360824742274,E07000174,Recent,1.0,194
3.7820728291316534,E07000175,Recent,1.0,357
3.609278350515463,E07000176,Recent,1.0,291
3.429558998808106,E07000177,Recent,1.0,839
2.0595111583421866,E07000178,Recent,1.0,1882
3.3047328244274814,E07000179,Recent,1.0,655
2.91140350877193,E07000180,Recent,1.0,684
3.4273972602739713,E07000181,Recent,1.0,438
3.6511392405063288,E07000187,Recent,1.0,395
3.824681238615666,E07000188,Recent,1.0,1098
4.086739130434779,E07000189,Recent,1.0,920
3.64719387755102,E07000192,Recent,1.0,392
3.605743740795288,E07000193,Recent,1.0,679
3.983588621444201,E07000194,Recent,1.0,457
3.5869565217391295,E07000195,Recent,1.0,414
3.0049319727891146,E07000196,Recent,1.0,588
3.9345098039215674,E07000197,Recent,1.0,510
4.367111111111112,E07000198,Recent,1.0,225
4.201265822784813,E07000199,Recent,1.0,316
4.040051679586561,E07000200,Recent,1.0,387
2.5914691943127965,E07000202,Recent,1.0,1266
4.579816513761469,E07000203,Recent,1.0,327
2.8247292418772556,E07000207,Recent,1.0,554
2.4227016885553447,E07000208,Recent,1.0,533
2.338375634517767,E07000209,Recent,1.0,985
2.3133720930232555,E07000210,Recent,1.0,1204
2.5629251700680267,E07000211,Recent,1.0,882
2.5411402157164877,E07000212,Recent,1.0,649
2.5167012448132784,E07000213,Recent,1.0,964
3.174184782608697,E07000214,Recent,1.0,368
3.5625,E07000215,Recent,1.0,296
3.052,E07000216,Recent,1.0,550
2.20490272373541,E07000217,Recent,1.0,1285
4.354054054054052,E07000218,Recent,1.0,259
3.154768041237115,E07000219,Recent,1.0,776
3.4270676691729345,E07000220,Recent,1.0,399
4.097389885807505,E07000221,Recent,1.0,613
3.260024906600249,E07000222,Recent,1.0,803
3.142709529276696,E07000223,Recent,1.0,871
2.9981261711430345,E07000224,Recent,1.0,1601
3.7789737171464313,E07000225,Recent,1.0,799
2.585486725663716,E07000226,Recent,1.0,1130
2.608264462809916,E07000227,Recent,1.0,1331
2.379543378995434,E07000228,Recent,1.0,1095
2.875625,E07000229,Recent,1.0,1760
4.289102564102565,E07000234,Recent,1.0,312
4.2830564784053164,E07000235,Recent,1.0,301
2.6297297297297306,E07000236,Recent,1.0,814
3.13882833787466,E07000237,Recent,1.0,734
3.705817610062894,E07000238,Recent,1.0,636
4.02576112412178,E07000239,Recent,1.0,427
2.407493188010899,E07000240,Recent,1.0,734
2.305943775100399,E07000241,Recent,1.0,1245
2.8252983293556064,E07000242,Recent,1.0,838
2.093515625000001,E07000243,Recent,1.0,1280
3.6874915938130455,E07000244,Recent,1.0,1487
3.0172257479601075,E07000245,Recent,1.0,1103
3.547765640516385,E07000246,Recent,1.0,1007
3.415166835187056,E08000001,Recent,1.0,989
2.7950762016412654,E08000002,Recent,1.0,853
2.2072911859713855,E08000003,Recent,1.0,4334
2.6366442953020126,E08000004,Recent,1.0,745
2.7109318996415785,E08000005,Recent,1.0,1116
2.1581449727201862,E08000006,Recent,1.0,2566
3.314669421487602,E08000007,Recent,1.0,1452
3.02258064516129,E08000008,Recent,1.0,961
2.9623076923076916,E08000009,Recent,1.0,910
3.2732954545454556,E08000010,Recent,1.0,880
3.9186552406064608,E08000011,Recent,1.0,1517
3.0287806335923517,E08000012,Recent,1.0,3346
4.051752921535893,E08000013,Recent,1.0,599
3.669780219780219,E08000014,Recent,1.0,1456
3.8100462656972915,E08000015,Recent,1.0,1513
3.3826086956521744,E08000016,Recent,1.0,345
4.16405693950178,E08000017,Recent,1.0,843
3.4678178963893243,E08000018,Recent,1.0,637
2.2525869759143604,E08000019,Recent,1.0,4484
2.160492813141685,E08000021,Recent,1.0,2435
2.9215028901734126,E08000022,Recent,1.0,865
2.2687782805429864,E08000023,Recent,1.0,442
2.1903532608695646,E08000024,Recent,1.0,1472
3.106526664342987,E08000025,Recent,1.0,11476
2.689405571397234,E08000026,Recent,1.0,4559
3.6768073750606516,E08000027,Recent,1.0,2061
4.011557539682542,E08000028,Recent,1.0,2016
4.005467372134036,E08000029,Recent,1.0,1134
4.155876559422192,E08000030,Recent,1.0,1523
3.449266001174394,E08000031,Recent,1.0,1703
3.1903269024651695,E08000032,Recent,1.0,3732
4.0190738699007715,E08000033,Recent,1.0,907
3.445494028230187,E08000034,Recent,1.0,1842
3.7510506260206844,E08000035,Recent,1.0,9185
3.7218076285240462,E08000036,Recent,1.0,1206
2.353113983548767,E08000037,Recent,1.0,851
1.6891265597147949,E09000001,Recent,1.0,1122
3.0047157622739014,E09000002,Recent,1.0,1548
1.7685748538888082,E09000003,Recent,1.0,6673
2.743699515347335,E09000004,Recent,1.0,2476
1.769502369668246,E09000005,Recent,1.0,4220
2.099878048780488,E09000006,Recent,1.0,3280
1.5573534282875117,E09000007,Recent,1.0,6038
2.0761463163317875,E09000008,Recent,1.0,3882
1.877512418800151,E09000009,Recent,1.0,5234
2.694550810014731,E09000010,Recent,1.0,5432
2.2206069505628965,E09000011,Recent,1.0,2043
1.59619425636236,E09000012,Recent,1.0,4283
1.6799575821845185,E09000013,Recent,1.0,2829
1.7426431718061677,E09000014,Recent,1.0,3405
2.101529720279721,E09000015,Recent,1.0,2288
2.9410398230088473,E09000016,Recent,1.0,1808
2.165319865319865,E09000017,Recent,1.0,4158
1.8645076007931256,E09000018,Recent,1.0,3026
1.5657040785948182,E09000019,Recent,1.0,3359
1.7410549888031839,E09000020,Recent,1.0,4019
1.9624470950365558,E09000021,Recent,1.0,2599
1.7205581593523607,E09000022,Recent,1.0,4694
1.8100870253164578,E09000023,Recent,1.0,5056
2.205686936936937,E09000024,Recent,1.0,1776
2.0234148776834764,E09000025,Recent,1.0,2003
2.146946564885499,E09000026,Recent,1.0,2096
2.2386526780784095,E09000027,Recent,1.0,1811
1.8985197767532147,E09000028,Recent,1.0,4121
2.439895242252292,E09000029,Recent,1.0,2291
1.6197678992918978,E09000030,Recent,1.0,5084
1.9214331210191058,E09000031,Recent,1.0,3140
1.8868392664509173,E09000032,Recent,1.0,3708
1.7120280388720703,E09000033,Recent,1.0,6277
7.0349315068493175,W06000001,Recent,1.0,292
5.563567362428842,W06000002,Recent,1.0,527
4.738784067085956,W06000003,Recent,1.0,477
5.114681440443213,W06000004,Recent,1.0,361
3.731149567367122,W06000005,Recent,1.0,809
3.59640522875817,W06000006,Recent,1.0,306
5.310723860589812,W06000008,Recent,1.0,373
4.739011925042588,W06000009,Recent,1.0,587
5.357022471910113,W06000010,Recent,1.0,356
2.67683284457478,W06000011,Recent,1.0,1023
2.657446808510638,W06000012,Recent,1.0,423
3.14,W06000013,Recent,1.0,300
2.928,W06000014,Recent,1.0,375
2.430577037477692,W06000015,Recent,1.0,1681
2.644186046511627,W06000016,Recent,1.0,344
3.3614107883817423,W06000018,Recent,1.0,241
2.0344155844155845,W06000019,Recent,1.0,154
2.39873417721519,W06000020,Recent,1.0,474
3.448223350253808,W06000021,Recent,1.0,197
3.04124087591241,W06000022,Recent,1.0,548
5.023699421965317,W06000023,Recent,1.0,346
1.8012711864406776,W06000024,Recent,1.0,236
2.0979372582724554,E06000001,Recent,2.0,4654
2.2339902230369666,E06000002,Recent,2.0,6546
2.404348677766896,E06000003,Recent,2.0,5105
2.221217616580308,E06000004,Recent,2.0,7720
2.178675645342312,E06000005,Recent,2.0,4455
2.175689783743475,E06000006,Recent,2.0,5364
1.8977476176725352,E06000007,Recent,2.0,10389
2.1121232530729075,E06000008,Recent,2.0,5939
2.918701734750977,E06000009,Recent,2.0,8935
2.381856626423847,E06000010,Recent,2.0,14661
2.706753061467123,E06000011,Recent,2.0,8411
2.684588791848617,E06000012,Recent,2.0,5496
2.5272346368715075,E06000013,Recent,2.0,4296
2.2707261846999858,E06000014,Recent,2.0,6183
2.34140110138124,E06000015,Recent,2.0,11077
2.2572535921351182,E06000016,Recent,2.0,15868
2.7918882978723416,E06000017,Recent,2.0,752
2.0798960701526457,E06000018,Recent,2.0,24632
2.838493549729505,E06000019,Recent,2.0,7209
2.205488454706927,E06000020,Recent,2.0,5630
2.7538758029978605,E06000021,Recent,2.0,9340
2.4031986531986527,E06000022,Recent,2.0,6534
2.0822348642523423,E06000023,Recent,2.0,21621
2.2095293209876568,E06000024,Recent,2.0,7776
2.4806318031235195,E06000025,Recent,2.0,8452
2.174320912082021,E06000026,Recent,2.0,13069
2.670545073375263,E06000027,Recent,2.0,5724
2.2171568627450977,E06000030,Recent,2.0,9588
2.0751665259405203,E06000031,Recent,2.0,10659
2.2091612416265765,E06000032,Recent,2.0,10599
2.4145976877262685,E06000033,Recent,2.0,8563
2.4087774294670843,E06000034,Recent,2.0,8932
2.2851705210114206,E06000035,Recent,2.0,11113
2.4437468858993556,E06000036,Recent,2.0,6021
2.5868935097668544,E06000037,Recent,2.0,6348
2.1991660954992036,E06000038,Recent,2.0,8754
2.2150668679896497,E06000039,Recent,2.0,9272
2.292758773878276,E06000040,Recent,2.0,6753
2.2805514936285802,E06000041,Recent,2.0,4787
2.0566184727681023,E06000042,Recent,2.0,14248
2.208850085814491,E06000043,Recent,2.0,13401
2.0711432571161903,E06000044,Recent,2.0,10715
2.550050251256276,E06000045,Recent,2.0,22885
2.5416749750747742,E06000046,Recent,2.0,6018
2.295202132385612,E06000047,Recent,2.0,20259
2.492391304347821,E06000049,Recent,2.0,11960
2.350648961661339,E06000050,Recent,2.0,10016
2.789518380642157,E06000051,Recent,2.0,8596
3.0952486596413387,E06000052,Recent,2.0,21636
3.107831325301206,E06000053,Recent,2.0,166
2.71402978927861,E06000054,Recent,2.0,14569
2.3459313077939266,E06000055,Recent,2.0,7570
2.335005388458903,E06000056,Recent,2.0,10207
2.694498088915713,E06000057,Recent,2.0,9942
2.265572693015508,E06000058,Recent,2.0,22822
2.411262224938874,E06000059,Recent,2.0,13088
2.085335365853657,E06000060,Recent,2.0,6560
2.178377211911957,E06000061,Recent,2.0,2317
1.8842309684101493,E06000062,Recent,2.0,3862
2.4111984282907675,E06000063,Recent,2.0,509
2.247123287671233,E06000064,Recent,2.0,730
2.338062064597847,E06000065,Recent,2.0,1579
2.2665369649805465,E06000066,Recent,2.0,1799
2.294552394170716,E07000004,Recent,2.0,5764
2.345170618854829,E07000005,Recent,2.0,1729
2.115406050955415,E07000006,Recent,2.0,2512
2.366070170494572,E07000007,Recent,2.0,7097
2.0420591313448457,E07000008,Recent,2.0,7644
2.6197826086956515,E07000009,Recent,2.0,2300
2.452326602282705,E07000010,Recent,2.0,3417
2.366577896138481,E07000011,Recent,2.0,6008
2.6575985418090666,E07000012,Recent,2.0,4389
2.7301298701298693,E07000026,Recent,2.0,1925
2.276452282157677,E07000027,Recent,2.0,1928
2.6812563323201615,E07000028,Recent,2.0,2961
2.794087665647299,E07000029,Recent,2.0,981
3.636217948717948,E07000030,Recent,2.0,1248
2.7999243570347967,E07000031,Recent,2.0,2644
2.8553742461865896,E07000032,Recent,2.0,2819
2.4068396226415083,E07000033,Recent,2.0,1272
2.053049843150921,E07000034,Recent,2.0,5738
2.7002072538860102,E07000035,Recent,2.0,1930
2.2913677456984556,E07000036,Recent,2.0,3429
2.2270786006360748,E07000037,Recent,2.0,2201
2.4419999999999997,E07000038,Recent,2.0,2400
2.506425339366517,E07000039,Recent,2.0,2210
2.7139418254764256,E07000040,Recent,2.0,4985
2.319644859813083,E07000041,Recent,2.0,5350
2.7448923499770945,E07000042,Recent,2.0,2183
2.7075603557814483,E07000043,Recent,2.0,3148
3.174812152891213,E07000044,Recent,2.0,3061
2.638291302110137,E07000045,Recent,2.0,3886
3.230401416765056,E07000046,Recent,2.0,1694
3.1842244224422447,E07000047,Recent,2.0,1515
2.2727083727083746,E07000061,Recent,2.0,5291
2.2654371584699478,E07000062,Recent,2.0,4392
2.4130122950819666,E07000063,Recent,2.0,3904
2.540000000000001,E07000064,Recent,2.0,3495
2.5847500575904143,E07000065,Recent,2.0,4341
2.3546269612552004,E07000066,Recent,2.0,9369
2.760397553516816,E07000067,Recent,2.0,5232
2.209455228553538,E07000068,Recent,2.0,3194
2.692213114754098,E07000069,Recent,2.0,2928
2.2871185651059847,E07000070,Recent,2.0,8586
2.3046683313429606,E07000071,Recent,2.0,9211
2.2614737176433186,E07000072,Recent,2.0,6297
2.117303038451194,E07000073,Recent,2.0,7438
2.766709900562045,E07000074,Recent,2.0,2313
2.215317515701324,E07000075,Recent,2.0,2866
2.987833529115624,E07000076,Recent,2.0,5959
2.411326575583958,E07000077,Recent,2.0,2269
2.110253118121791,E07000078,Recent,2.0,5452
2.8340237691001664,E07000079,Recent,2.0,2945
3.0654596100278555,E07000080,Recent,2.0,2154
2.2977766463000706,E07000081,Recent,2.0,5892
2.574531181857825,E07000082,Recent,2.0,4586
2.5848813559322004,E07000083,Recent,2.0,2950
2.2022089947089913,E07000084,Recent,2.0,7560
2.369756554307116,E07000085,Recent,2.0,4272
2.1548710883684303,E07000086,Recent,2.0,5081
2.348829516539444,E07000087,Recent,2.0,3930
2.3475911839282197,E07000088,Recent,2.0,5127
2.4103200287666295,E07000089,Recent,2.0,2781
2.3763346354166686,E07000090,Recent,2.0,6144
2.2934665641814047,E07000091,Recent,2.0,6505
2.189078822412156,E07000092,Recent,2.0,5265
2.474848688634836,E07000093,Recent,2.0,4461
2.2231629743364762,E07000094,Recent,2.0,4559
2.4179590196866245,E07000095,Recent,2.0,4978
2.2270526925303953,E07000096,Recent,2.0,8635
2.202890295358649,E07000098,Recent,2.0,4740
2.2207398340813307,E07000099,Recent,2.0,7353
2.3641060813900325,E07000102,Recent,2.0,4374
2.1016149519143563,E07000103,Recent,2.0,5511
2.2543958627174434,E07000105,Recent,2.0,4254
2.2276677209921742,E07000106,Recent,2.0,6007
2.0066870540265063,E07000107,Recent,2.0,4905
2.350590034965034,E07000108,Recent,2.0,4576
2.116065705128208,E07000109,Recent,2.0,4992
2.1235514933899147,E07000110,Recent,2.0,6127
2.8098528638991085,E07000111,Recent,2.0,3806
2.325627118644068,E07000112,Recent,2.0,4425
2.3936538461538475,E07000113,Recent,2.0,5200
2.0688424049939798,E07000114,Recent,2.0,9131
2.23562376795269,E07000115,Recent,2.0,3551
2.409952809952811,E07000116,Recent,2.0,4662
2.151699248120301,E07000117,Recent,2.0,3325
2.2811337209302316,E07000118,Recent,2.0,3440
3.074196597353497,E07000119,Recent,2.0,3174
2.0794407246947646,E07000120,Recent,2.0,2539
2.7129024269440336,E07000121,Recent,2.0,4038
2.1648442677269726,E07000122,Recent,2.0,3018
2.0659812310240113,E07000123,Recent,2.0,7246
2.268306527909174,E07000124,Recent,2.0,1057
2.1484890109890107,E07000125,Recent,2.0,2912
2.388,E07000126,Recent,2.0,2675
2.3747113676731773,E07000127,Recent,2.0,4504
2.833141993957703,E07000128,Recent,2.0,3310
2.515677321156772,E07000129,Recent,2.0,1971
2.32376538007753,E07000130,Recent,2.0,5933
2.342636457260558,E07000131,Recent,2.0,1942
2.5150811209439543,E07000132,Recent,2.0,2712
2.841977800201815,E07000133,Recent,2.0,991
2.7165648580668327,E07000134,Recent,2.0,2783
2.5016733067729082,E07000135,Recent,2.0,1255
2.627385444743936,E07000136,Recent,2.0,1855
3.116356275303643,E07000137,Recent,2.0,3705
2.109709751513885,E07000138,Recent,2.0,4789
3.14642066420664,E07000139,Recent,2.0,1355
2.916455026455028,E07000140,Recent,2.0,1890
2.669284876905041,E07000141,Recent,2.0,3412
2.5014040561622464,E07000142,Recent,2.0,1923
2.719310823311743,E07000143,Recent,2.0,4324
2.8834965542256072,E07000144,Recent,2.0,2757
2.593989804132008,E07000145,Recent,2.0,3727
3.0931592765460842,E07000146,Recent,2.0,6856
2.974594753905104,E07000147,Recent,2.0,3393
2.1854357099329667,E07000148,Recent,2.0,9846
2.6784788732394347,E07000149,Recent,2.0,3550
2.459194630872485,E07000150,Recent,2.0,1490
2.707647058823531,E07000151,Recent,2.0,1530
2.697007042253522,E07000152,Recent,2.0,1704
2.31706026058632,E07000153,Recent,2.0,2456
2.229857819905216,E07000154,Recent,2.0,9073
2.766365688487585,E07000155,Recent,2.0,1329
2.144553004396677,E07000156,Recent,2.0,2047
2.78997514498757,E07000163,Recent,2.0,1207
2.893675460787854,E07000164,Recent,2.0,2767
2.5333715859536374,E07000165,Recent,2.0,4357
3.1282051282051277,E07000166,Recent,2.0,897
3.2807524059492565,E07000167,Recent,2.0,1143
2.549911712772218,E07000168,Recent,2.0,3398
2.7858989424206784,E07000169,Recent,2.0,1702
2.290254440710513,E07000170,Recent,2.0,4166
2.2231197771587747,E07000171,Recent,2.0,3949
2.430850750662349,E07000172,Recent,2.0,3397
2.353241734650064,E07000173,Recent,2.0,4658
2.3345612458820013,E07000174,Recent,2.0,3339
2.4026723853513654,E07000175,Recent,2.0,3031
2.3913910505836578,E07000176,Recent,2.0,2056
2.549879766403296,E07000177,Recent,2.0,5822
2.1066519874840646,E07000178,Recent,2.0,8629
2.6630717255717276,E07000179,Recent,2.0,3848
2.403181003584229,E07000180,Recent,2.0,4464
2.4802543507362773,E07000181,Recent,2.0,2988
2.4947310647639953,E07000187,Recent,2.0,3644
2.5923168857777013,E07000188,Recent,2.0,5857
2.646615316249442,E07000189,Recent,2.0,6751
2.5037893384714187,E07000192,Recent,2.0,4671
2.5105215212935517,E07000193,Recent,2.0,4391
2.773007367716009,E07000194,Recent,2.0,2986
2.387727272727271,E07000195,Recent,2.0,4180
2.5189421338155515,E07000196,Recent,2.0,2212
2.549677002583979,E07000197,Recent,2.0,4644
2.832748794388427,E07000198,Recent,2.0,2281
2.697232410803598,E07000199,Recent,2.0,2999
2.6237295254094906,E07000200,Recent,2.0,2381
2.2127774841437704,E07000202,Recent,2.0,7568
2.7728721336960755,E07000203,Recent,2.0,2573
2.1989696032972668,E07000207,Recent,2.0,5823
2.179745989304812,E07000208,Recent,2.0,2992
2.3220878941349463,E07000209,Recent,2.0,6121
2.4613385826771657,E07000210,Recent,2.0,3810
2.15084919472914,E07000211,Recent,2.0,6830
2.2724834983498345,E07000212,Recent,2.0,4848
2.204512804497191,E07000213,Recent,2.0,6404
2.2290342113230417,E07000214,Recent,2.0,3303
2.296623202942162,E07000215,Recent,2.0,2991
2.358568049881744,E07000216,Recent,2.0,4651
2.2464692482915702,E07000217,Recent,2.0,6146
2.8355251544571916,E07000218,Recent,2.0,2266
2.724216161101198,E07000219,Recent,2.0,3923
2.453823442574546,E07000220,Recent,2.0,3387
2.464224299065421,E07000221,Recent,2.0,5350
2.501522191956419,E07000222,Recent,2.0,6241
2.8129359972908876,E07000223,Recent,2.0,2953
2.5398013750954918,E07000224,Recent,2.0,7854
2.691701402046228,E07000225,Recent,2.0,5278
2.2428297278436844,E07000226,Recent,2.0,5732
2.6909708737864033,E07000227,Recent,2.0,6180
2.3111454046639244,E07000228,Recent,2.0,5832
2.768677792041081,E07000229,Recent,2.0,6232
2.483920539730134,E07000234,Recent,2.0,2668
2.5290840016884784,E07000235,Recent,2.0,2369
2.393554162936437,E07000236,Recent,2.0,4468
2.226452983201392,E07000237,Recent,2.0,5179
2.6287181881858492,E07000238,Recent,2.0,4283
2.5051798174986555,E07000239,Recent,2.0,3726
2.214187105301808,E07000240,Recent,2.0,6809
2.0154011579818,E07000241,Recent,2.0,6045
2.376229109200065,E07000242,Recent,2.0,6163
2.189467495380481,E07000243,Recent,2.0,5953
2.611451503504409,E07000244,Recent,2.0,8846
2.354701905347266,E07000245,Recent,2.0,6508
2.7477627118644077,E07000246,Recent,2.0,5900
2.356380303399042,E08000001,Recent,2.0,12327
2.436295220491155,E08000002,Recent,2.0,7574
2.1088421593243494,E08000003,Recent,2.0,35048
2.118686981850771,E08000004,Recent,2.0,8926
2.0883029073698465,E08000005,Recent,2.0,10353
2.034404842665549,E08000006,Recent,2.0,19163
2.357181470780121,E08000007,Recent,2.0,10729
2.0917763456476366,E08000008,Recent,2.0,11017
2.2205885570506494,E08000009,Recent,2.0,9141
2.391374920432846,E08000010,Recent,2.0,9426
2.1781632359291776,E08000011,Recent,2.0,6947
2.019386787982181,E08000012,Recent,2.0,21102
2.000455256793283,E08000013,Recent,2.0,7029
2.304712306603296,E08000014,Recent,2.0,9889
2.3036091549295734,E08000015,Recent,2.0,11360
2.246951478285474,E08000016,Recent,2.0,7069
2.4607516339869315,E08000017,Recent,2.0,9180
2.2234873129473005,E08000018,Recent,2.0,7685
2.0597537950305895,E08000019,Recent,2.0,26482
2.3707371741657037,E08000021,Recent,2.0,12046
2.3802099140111275,E08000022,Recent,2.0,7908
2.190473684210527,E08000023,Recent,2.0,7600
2.3481960741309407,E08000024,Recent,2.0,18238
2.560643874012262,E08000025,Recent,2.0,63149
2.5764794056308666,E08000026,Recent,2.0,15344
2.5998964298769396,E08000027,Recent,2.0,16414
2.39182069659248,E08000028,Recent,2.0,15906
2.75573006134969,E08000029,Recent,2.0,8150
2.4870504216141835,E08000030,Recent,2.0,11622
2.500717039321513,E08000031,Recent,2.0,12970
2.3891843740494543,E08000032,Recent,2.0,23013
2.3690790080206505,E08000033,Recent,2.0,10847
2.2120102761721276,E08000034,Recent,2.0,15570
2.487627255448232,E08000035,Recent,2.0,38407
2.3845276613801443,E08000036,Recent,2.0,18853
2.3343118805670575,E08000037,Recent,2.0,7971
2.2044275491949916,E09000001,Recent,2.0,2236
2.3504054669703875,E09000002,Recent,2.0,10975
2.1690368317253816,E09000003,Recent,2.0,18761
2.289113448534935,E09000004,Recent,2.0,13310
2.044219147582697,E09000005,Recent,2.0,12576
2.2530874899973266,E09000006,Recent,2.0,14996
2.0143199774266396,E09000007,Recent,2.0,14176
2.1577669621646614,E09000008,Recent,2.0,17259
2.0682043135577706,E09000009,Recent,2.0,16367
2.366956730480713,E09000010,Recent,2.0,16663
1.9374873558567602,E09000011,Recent,2.0,14829
1.8838951718138262,E09000012,Recent,2.0,18392
1.8785473741694718,E09000013,Recent,2.0,10987
1.9311548405630552,E09000014,Recent,2.0,13924
2.2012284505006687,E09000015,Recent,2.0,9687
2.3319972424660214,E09000016,Recent,2.0,10154
2.26699738183822,E09000017,Recent,2.0,14514
2.0208893643031764,E09000018,Recent,2.0,13088
1.8472708860759435,E09000019,Recent,2.0,19750
2.0976404494382046,E09000020,Recent,2.0,8010
2.329992237531535,E09000021,Recent,2.0,10306
1.9845300082214294,E09000022,Recent,2.0,21894
2.0160128327798628,E09000023,Recent,2.0,17767
2.2243691547556,E09000024,Recent,2.0,11334
1.847005024558224,E09000025,Recent,2.0,17713
2.1412472736085295,E09000026,Recent,2.0,12379
2.127138157894739,E09000027,Recent,2.0,9120
2.01947909915748,E09000028,Recent,2.0,24688
2.394303644701908,E09000029,Recent,2.0,12429
1.791105403348551,E09000030,Recent,2.0,31536
2.0312252362084733,E09000031,Recent,2.0,13124
1.8935765983112105,E09000032,Recent,2.0,19896
2.0479104318084684,E09000033,Recent,2.0,18712
2.751176470588233,W06000001,Recent,2.0,2040
3.370259019426456,W06000002,Recent,2.0,2162
2.6150158189340518,W06000003,Recent,2.0,4109
2.9740021969974366,W06000004,Recent,2.0,2731
2.161385328606491,W06000005,Recent,2.0,3667
2.2901493256262038,W06000006,Recent,2.0,4152
3.2880650994575067,W06000008,Recent,2.0,1659
3.0297190517998254,W06000009,Recent,2.0,2278
2.928811524609845,W06000010,Recent,2.0,2499
2.002943026034463,W06000011,Recent,2.0,7951
2.0910747663551414,W06000012,Recent,2.0,4280
1.9057503506311368,W06000013,Recent,2.0,2852
2.0392916899051863,W06000014,Recent,2.0,3586
1.904137818241289,W06000015,Recent,2.0,18343
1.959363655776213,W06000016,Recent,2.0,4683
2.020613373554549,W06000018,Recent,2.0,3978
1.950188964474679,W06000019,Recent,2.0,1323
1.974135755740602,W06000020,Recent,2.0,3963
2.0115115465360374,W06000021,Recent,2.0,2858
2.051013065707253,W06000022,Recent,2.0,5281
2.949585635359117,W06000023,Recent,2.0,2896
2.2505939902166308,W06000024,Recent,2.0,1431
2.7723997833152705,E06000001,Recent,3.0,7384
2.6404014766958928,E06000002,Recent,3.0,8668
3.057047428189715,E06000003,Recent,3.0,7485
2.7452981556529656,E06000004,Recent,3.0,12091
2.918317789899701,E06000005,Recent,3.0,5683
2.611520803443328,E06000006,Recent,3.0,6970
2.4500222044586493,E06000007,Recent,3.0,11259
2.8901555289694074,E06000008,Recent,3.0,5851
3.3132227543511292,E06000009,Recent,3.0,8561
2.863825766523353,E06000010,Recent,3.0,21167
3.0588169924736066,E06000011,Recent,3.0,19797
3.0005455372026097,E06000012,Recent,3.0,6599
2.809564382575302,E06000013,Recent,3.0,8333
2.75662333868848,E06000014,Recent,3.0,13694
2.8269661610268377,E06000015,Recent,3.0,17140
2.795562599049136,E06000016,Recent,3.0,17037
3.1973531310522887,E06000017,Recent,3.0,1549
2.6797579470322375,E06000018,Recent,3.0,26771
3.119596789604434,E06000019,Recent,3.0,10466
2.6298594511903595,E06000020,Recent,3.0,10459
3.0324177519906113,E06000021,Recent,3.0,16201
2.8386920384951906,E06000022,Recent,3.0,9144
2.5205907235075555,E06000023,Recent,3.0,27187
2.511842373919558,E06000024,Recent,3.0,14693
2.7857267351384993,E06000025,Recent,3.0,16065
2.5049760160244587,E06000026,Recent,3.0,18971
2.973034642032332,E06000027,Recent,3.0,10825
2.517577951355819,E06000030,Recent,3.0,15747
2.5811763823242497,E06000031,Recent,3.0,13329
2.7856106739650985,E06000032,Recent,3.0,14615
3.245602331109589,E06000033,Recent,3.0,13041
2.821993385447979,E06000034,Recent,3.0,13304
2.585059971412594,E06000035,Recent,3.0,16091
2.599988801791714,E06000036,Recent,3.0,8930
2.9932308269266823,E06000037,Recent,3.0,10666
2.5997623676820094,E06000038,Recent,3.0,13887
2.642471721186181,E06000039,Recent,3.0,13084
2.821174574393067,E06000040,Recent,3.0,9927
2.660692239858908,E06000041,Recent,3.0,9072
2.520179393479187,E06000042,Recent,3.0,21071
2.8752010900619696,E06000043,Recent,3.0,22751
2.437518583592378,E06000044,Recent,3.0,14798
2.752632011844057,E06000045,Recent,3.0,24316
2.7928337199072177,E06000046,Recent,3.0,12503
2.988278588551952,E06000047,Recent,3.0,47554
2.905486834676375,E06000049,Recent,3.0,19483
2.6552643220526426,E06000050,Recent,3.0,18084
3.061517567168589,E06000051,Recent,3.0,16935
3.3628285862845804,E06000052,Recent,3.0,34618
4.494736842105262,E06000053,Recent,3.0,152
3.054003990688403,E06000054,Recent,3.0,30070
2.634798000832985,E06000055,Recent,3.0,9604
2.695598126351185,E06000056,Recent,3.0,16652
3.267036909618122,E06000057,Recent,3.0,20347
2.810394225182137,E06000058,Recent,3.0,44746
2.927450235526518,E06000059,Recent,3.0,26324
2.4930038321705843,E06000060,Recent,3.0,10177
2.4379401833092094,E06000061,Recent,3.0,4146
2.4446109231512825,E06000062,Recent,3.0,6207
2.7282580645161314,E06000063,Recent,3.0,1550
2.6983929875821753,E06000064,Recent,3.0,1369
2.760569371727748,E06000065,Recent,3.0,3056
2.4868357487922705,E06000066,Recent,3.0,3312
2.739254947613505,E07000004,Recent,3.0,8590
3.0106938775510144,E07000005,Recent,3.0,3675
2.9082412914188622,E07000006,Recent,3.0,3531
2.9526398916967533,E07000007,Recent,3.0,8864
2.5478582137502648,E07000008,Recent,3.0,9338
3.1278417818740416,E07000009,Recent,3.0,5208
2.9376932989690725,E07000010,Recent,3.0,6208
2.746652761223678,E07000011,Recent,3.0,10068
2.859253054789126,E07000012,Recent,3.0,10148
3.1772667045239418,E07000026,Recent,3.0,5283
3.2674603174603187,E07000027,Recent,3.0,1890
3.018036843552376,E07000028,Recent,3.0,7274
3.1539395734597186,E07000029,Recent,3.0,3376
3.8925875397908154,E07000030,Recent,3.0,2199
3.3279301745635883,E07000031,Recent,3.0,5614
3.0441442848219893,E07000032,Recent,3.0,6404
2.837147887323942,E07000033,Recent,3.0,4544
2.7522877930476968,E07000034,Recent,3.0,6185
3.1358393408856853,E07000035,Recent,3.0,2913
2.77603474706183,E07000036,Recent,3.0,5871
2.7275202354672548,E07000037,Recent,3.0,2718
3.072392515923564,E07000038,Recent,3.0,5024
2.713279030119343,E07000039,Recent,3.0,5279
3.0749445889948905,E07000040,Recent,3.0,10377
2.444205412907704,E07000041,Recent,3.0,8646
2.965835596149095,E07000042,Recent,3.0,4051
3.046870771312586,E07000043,Recent,3.0,5912
3.4495045802953777,E07000044,Recent,3.0,5349
2.9872051377053213,E07000045,Recent,3.0,8097
3.192430450722451,E07000046,Recent,3.0,4637
3.32353896103896,E07000047,Recent,3.0,2464
2.727757834481421,E07000061,Recent,3.0,10307
2.6813683248465847,E07000062,Recent,3.0,7659
2.9658517034068166,E07000063,Recent,3.0,7485
3.2101033295063113,E07000064,Recent,3.0,6968
3.176417394838448,E07000065,Recent,3.0,9842
2.9185869898741945,E07000066,Recent,3.0,13036
2.8427098117135046,E07000067,Recent,3.0,10569
2.8610333863275,E07000068,Recent,3.0,6290
3.4526169447170423,E07000069,Recent,3.0,6114
2.7343240420917336,E07000070,Recent,3.0,12449
2.5971632047477726,E07000071,Recent,3.0,16850
2.940221274634093,E07000072,Recent,3.0,8677
2.833698286669449,E07000073,Recent,3.0,11965
3.3191576947435113,E07000074,Recent,3.0,3158
3.175169204737735,E07000075,Recent,3.0,4728
3.3654973145693092,E07000076,Recent,3.0,14709
2.852462311557796,E07000077,Recent,3.0,3980
2.610368943847555,E07000078,Recent,3.0,9866
3.3148024112525056,E07000079,Recent,3.0,4479
3.2491876310272554,E07000080,Recent,3.0,3816
2.480152908358302,E07000081,Recent,3.0,9679
2.883714971977587,E07000082,Recent,3.0,6245
2.689617279272454,E07000083,Recent,3.0,5278
2.522995554192853,E07000084,Recent,3.0,13046
2.851956297061865,E07000085,Recent,3.0,6773
2.4599843075715975,E07000086,Recent,3.0,10196
2.712613937077329,E07000087,Recent,3.0,6802
2.8553820643913177,E07000088,Recent,3.0,7237
2.685675032057155,E07000089,Recent,3.0,5459
2.896200085873771,E07000090,Recent,3.0,9316
2.9298195476443194,E07000091,Recent,3.0,12247
2.5761307831481006,E07000092,Recent,3.0,7738
2.8404832888749407,E07000093,Recent,3.0,6373
2.613876299653424,E07000094,Recent,3.0,7502
2.7534092330789477,E07000095,Recent,3.0,7993
2.7470843897138746,E07000096,Recent,3.0,11044
2.8122973657548136,E07000098,Recent,3.0,7896
2.6024828934506368,E07000099,Recent,3.0,10230
2.8204119534019916,E07000102,Recent,3.0,5923
2.4585302197802195,E07000103,Recent,3.0,7280
2.64607854169011,E07000105,Recent,3.0,8887
2.7936256702992557,E07000106,Recent,3.0,11562
2.445366898768077,E07000107,Recent,3.0,7468
2.7383817154866645,E07000108,Recent,3.0,7613
2.559009254218836,E07000109,Recent,3.0,5511
2.5233620549504154,E07000110,Recent,3.0,12302
2.9965941731637296,E07000111,Recent,3.0,4874
2.9359717486604957,E07000112,Recent,3.0,8212
2.7150758140691056,E07000113,Recent,3.0,8046
2.817991949570897,E07000114,Recent,3.0,13167
2.7111459968602807,E07000115,Recent,3.0,5733
2.9501652242328866,E07000116,Recent,3.0,6355
2.9364173810227587,E07000117,Recent,3.0,3383
2.8589670952277197,E07000118,Recent,3.0,4589
3.334296097934199,E07000119,Recent,3.0,5228
2.99875,E07000120,Recent,3.0,2720
2.90637604154088,E07000121,Recent,3.0,8281
2.948092243186583,E07000122,Recent,3.0,2385
2.6988999744180115,E07000123,Recent,3.0,7818
3.083493975903615,E07000124,Recent,3.0,1660
3.060744500846026,E07000125,Recent,3.0,2955
2.786327817178878,E07000126,Recent,3.0,5076
3.1486523172387035,E07000127,Recent,3.0,5157
3.34606910365548,E07000128,Recent,3.0,5991
2.996669248644462,E07000129,Recent,3.0,3873
2.753662270372119,E07000130,Recent,3.0,8492
2.943160750621748,E07000131,Recent,3.0,4423
2.882313023390122,E07000132,Recent,3.0,6926
3.1534961685823744,E07000133,Recent,3.0,2088
3.082588540700907,E07000134,Recent,3.0,5393
3.069268744214754,E07000135,Recent,3.0,3241
2.9312656784492592,E07000136,Recent,3.0,4385
3.4430471093813337,E07000137,Recent,3.0,12333
2.65417404502909,E07000138,Recent,3.0,7906
3.121667654028437,E07000139,Recent,3.0,6752
3.205531914893616,E07000140,Recent,3.0,5170
3.0457407955779328,E07000141,Recent,3.0,10131
2.9876241265171046,E07000142,Recent,3.0,5438
3.3122774236095895,E07000143,Recent,3.0,9098
3.196939393939395,E07000144,Recent,3.0,6600
3.0653573629081916,E07000145,Recent,3.0,6492
3.6488639974578896,E07000146,Recent,3.0,12588
3.5259869217728306,E07000147,Recent,3.0,8258
2.3799059762091326,E07000148,Recent,3.0,14039
3.0948018590998068,E07000149,Recent,3.0,8176
2.9074602122015856,E07000150,Recent,3.0,3016
3.0154899573950105,E07000151,Recent,3.0,3286
2.9575519371139785,E07000152,Recent,3.0,3562
2.7884533446953568,E07000153,Recent,3.0,4694
2.6455736932977585,E07000154,Recent,3.0,12742
2.9752958579881668,E07000155,Recent,3.0,3380
2.654350649350648,E07000156,Recent,3.0,3080
3.3020909566126493,E07000163,Recent,3.0,1913
3.3661451814768446,E07000164,Recent,3.0,4794
3.2029369212963,E07000165,Recent,3.0,6912
3.5632921810699587,E07000166,Recent,3.0,2430
3.716258351893096,E07000167,Recent,3.0,2245
3.2272686500224257,E07000168,Recent,3.0,6689
3.0186397340833477,E07000169,Recent,3.0,3911
2.761749966138428,E07000170,Recent,3.0,7383
2.7976333970307263,E07000171,Recent,3.0,6803
3.0222204574332965,E07000172,Recent,3.0,6296
3.0061363929354097,E07000173,Recent,3.0,7757
2.897682773486617,E07000174,Recent,3.0,5567
2.739784624588689,E07000175,Recent,3.0,6686
2.746855895196505,E07000176,Recent,3.0,6870
2.7171115827097077,E07000177,Recent,3.0,8953
2.519751143092719,E07000178,Recent,3.0,13341
3.0469830850795248,E07000179,Recent,3.0,7922
2.770945348983971,E07000180,Recent,3.0,7923
2.7920408448734086,E07000181,Recent,3.0,7149
2.7343119858041613,E07000187,Recent,3.0,6199
2.8878124999999986,E07000188,Recent,3.0,8000
3.015277113046812,E07000189,Recent,3.0,10447
3.013672298868391,E07000192,Recent,3.0,6451
2.6615395480226014,E07000193,Recent,3.0,7080
2.915261356565031,E07000194,Recent,3.0,6428
3.1187352524775824,E07000195,Recent,3.0,6357
2.9003375663076643,E07000196,Recent,3.0,6221
2.9737370838117085,E07000197,Recent,3.0,6968
3.284563303994581,E07000198,Recent,3.0,4431
2.8401390644753453,E07000199,Recent,3.0,4746
3.0047505938242294,E07000200,Recent,3.0,5473
2.531566594954042,E07000202,Recent,3.0,10226
3.0487842236262694,E07000203,Recent,3.0,5223
2.8233062330623326,E07000207,Recent,3.0,10332
2.7681646593564575,E07000208,Recent,3.0,5563
2.8383271048582084,E07000209,Recent,3.0,9098
2.9255393586005782,E07000210,Recent,3.0,5145
2.6398785748522156,E07000211,Recent,3.0,12518
2.838538205980066,E07000212,Recent,3.0,6321
2.8442083851282627,E07000213,Recent,3.0,8849
2.612805438177477,E07000214,Recent,3.0,5443
2.9252032520325177,E07000215,Recent,3.0,5658
2.906578947368418,E07000216,Recent,3.0,6612
2.683352534562212,E07000217,Recent,3.0,8680
3.2010121457489844,E07000218,Recent,3.0,3458
2.9478694345807153,E07000219,Recent,3.0,7322
2.9030417651694265,E07000220,Recent,3.0,6345
3.1141363481808875,E07000221,Recent,3.0,11764
2.9181437777219856,E07000222,Recent,3.0,11949
3.0857142857142894,E07000223,Recent,3.0,6076
3.029029777715642,E07000224,Recent,3.0,14306
3.0300711944852514,E07000225,Recent,3.0,8849
2.545586348473186,E07000226,Recent,3.0,7794
2.926662277814349,E07000227,Recent,3.0,9114
2.7599456180715336,E07000228,Recent,3.0,9562
3.342801021410334,E07000229,Recent,3.0,10182
3.0421472105016423,E07000234,Recent,3.0,4266
3.135870331219165,E07000235,Recent,3.0,4257
2.6141923436041092,E07000236,Recent,3.0,4284
2.6594936708860732,E07000237,Recent,3.0,7584
2.918518518518524,E07000238,Recent,3.0,7101
2.9427159293469476,E07000239,Recent,3.0,6171
2.7200291403593977,E07000240,Recent,3.0,10295
2.4207962472937243,E07000241,Recent,3.0,8314
2.7657510986815734,E07000242,Recent,3.0,10012
2.6516794146990357,E07000243,Recent,3.0,6014
3.1107497132060153,E07000244,Recent,3.0,14819
3.1146717579673933,E07000245,Recent,3.0,13618
2.938197606692793,E07000246,Recent,3.0,9443
2.782417582417582,E08000001,Recent,3.0,15197
2.8705291297935167,E08000002,Recent,3.0,10848
2.4742936327970377,E08000003,Recent,3.0,55566
2.894710588235299,E08000004,Recent,3.0,10625
2.7820450807777948,E08000005,Recent,3.0,10337
2.4107927272727343,E08000006,Recent,3.0,27500
2.8541012462155764,E08000007,Recent,3.0,14203
2.645755415990401,E08000008,Recent,3.0,14171
2.6622225566172637,E08000009,Recent,3.0,13291
2.7619521767570316,E08000010,Recent,3.0,13759
2.6209553158705745,E08000011,Recent,3.0,11682
2.566418373680942,E08000012,Recent,3.0,30609
2.6894949087609694,E08000013,Recent,3.0,9919
2.8147115576551958,E08000014,Recent,3.0,15029
2.681525871172117,E08000015,Recent,3.0,18940
2.6094137542277362,E08000016,Recent,3.0,14192
2.8406415807769663,E08000017,Recent,3.0,16397
2.7382479763976075,E08000018,Recent,3.0,13219
2.6378900624099804,E08000019,Recent,3.0,33328
2.941676168757112,E08000021,Recent,3.0,26310
2.8552026405497495,E08000022,Recent,3.0,18481
2.8213844476744203,E08000023,Recent,3.0,11008
2.823709712374985,E08000024,Recent,3.0,32299
3.1348368362831924,E08000025,Recent,3.0,72320
2.9930176463120404,E08000026,Recent,3.0,23631
2.9156743150353424,E08000027,Recent,3.0,20658
2.845746388443019,E08000028,Recent,3.0,21182
2.9772444701460183,E08000029,Recent,3.0,13834
2.892501648825532,E08000030,Recent,3.0,19711
3.0719492474188326,E08000031,Recent,3.0,16078
2.93637978029239,E08000032,Recent,3.0,24214
2.861461735369408,E08000033,Recent,3.0,11329
2.8208594603923363,E08000034,Recent,3.0,17383
2.85973428630053,E08000035,Recent,3.0,58484
2.7979269180375703,E08000036,Recent,3.0,34345
2.870440184782035,E08000037,Recent,3.0,18833
2.8164258555133035,E09000001,Recent,3.0,1315
2.9352920688625783,E09000002,Recent,3.0,20098
2.685261278621622,E09000003,Recent,3.0,35288
2.7807766011094324,E09000004,Recent,3.0,19830
2.577133039732862,E09000005,Recent,3.0,20663
2.7377769224189468,E09000006,Recent,3.0,23382
2.536819603088507,E09000007,Recent,3.0,15671
2.6984875379039996,E09000008,Recent,3.0,27042
2.6411822215537395,E09000009,Recent,3.0,26594
2.8315574788068005,E09000010,Recent,3.0,28193
2.3163100391671785,E09000011,Recent,3.0,24255
2.2516156692842317,E09000012,Recent,3.0,22158
2.3567815126050418,E09000013,Recent,3.0,11900
2.4769140362659487,E09000014,Recent,3.0,17868
2.751547639633406,E09000015,Recent,3.0,17349
2.8705624751180063,E09000016,Recent,3.0,17583
2.791862607474991,E09000017,Recent,3.0,22796
2.5714699123329656,E09000018,Recent,3.0,23498
2.2809716796875024,E09000019,Recent,3.0,20480
2.750122692841137,E09000020,Recent,3.0,9373
2.717283155800073,E09000021,Recent,3.0,17086
2.3731146668440752,E09000022,Recent,3.0,30061
2.4780807110256986,E09000023,Recent,3.0,24978
2.605471142874302,E09000024,Recent,3.0,16651
2.27747762021706,E09000025,Recent,3.0,25246
2.690165586753059,E09000026,Recent,3.0,20835
2.7502806229830203,E09000027,Recent,3.0,14254
2.4160353611027823,E09000028,Recent,3.0,33370
2.830489430584654,E09000029,Recent,3.0,21004
2.266426875426095,E09000030,Recent,3.0,42537
2.60470369704596,E09000031,Recent,3.0,16689
2.438757741992572,E09000032,Recent,3.0,28255
2.6039844006953943,E09000033,Recent,3.0,21283
3.453128153380424,W06000001,Recent,3.0,3964
3.7702597104114,W06000002,Recent,3.0,4351
3.0878141941843293,W06000003,Recent,3.0,8116
3.3625870338851933,W06000004,Recent,3.0,6463
2.8668159283543906,W06000005,Recent,3.0,6253
2.6239726027397237,W06000006,Recent,3.0,6862
3.7023164861612536,W06000008,Recent,3.0,3324
3.225686537173476,W06000009,Recent,3.0,5972
3.2275175644028087,W06000010,Recent,3.0,5978
2.7749120122417748,W06000011,Recent,3.0,13070
2.702779456193353,W06000012,Recent,3.0,8275
2.551736833680166,W06000013,Recent,3.0,6247
2.590363901018926,W06000014,Recent,3.0,6870
2.4357523545301896,W06000015,Recent,3.0,27394
2.7446875000000004,W06000016,Recent,3.0,7360
2.758543945680873,W06000018,Recent,3.0,7953
2.895072175211547,W06000019,Recent,3.0,2009
2.6053243685262557,W06000020,Recent,3.0,5503
2.6854930304594764,W06000021,Recent,3.0,3874
2.5506591549295785,W06000022,Recent,3.0,8875
3.469700157811675,W06000023,Recent,3.0,5703
2.7146748193440806,W06000024,Recent,3.0,1799
3.5199852972064636,E06000001,Recent,4.0,9522
3.4697446143154953,E06000002,Recent,4.0,11512
3.75351480157639,E06000003,Recent,4.0,10911
3.5912326803631207,E06000004,Recent,4.0,16744
3.910849056603776,E06000005,Recent,4.0,7632
3.3722890416189393,E06000006,Recent,4.0,10476
3.411267154033613,E06000007,Recent,4.0,15594
3.637284125857585,E06000008,Recent,4.0,8454
3.9724405191059797,E06000009,Recent,4.0,11096
3.2964797280893365,E06000010,Recent,4.0,24714
3.9216899173001485,E06000011,Recent,4.0,23942
3.664807818659657,E06000012,Recent,4.0,12176
3.863822214865088,E06000013,Recent,4.0,12082
3.522708349697593,E06000014,Recent,4.0,12731
3.6797396017438393,E06000015,Recent,4.0,16974
3.6970476343567533,E06000016,Recent,4.0,18663
3.898091603053433,E06000017,Recent,4.0,2358
3.558726765247351,E06000018,Recent,4.0,33678
3.966117999144927,E06000019,Recent,4.0,9356
3.4073775989268933,E06000020,Recent,4.0,11928
3.701046411979601,E06000021,Recent,4.0,22171
3.597283950617291,E06000022,Recent,4.0,9720
3.4832763460066256,E06000023,Recent,4.0,19595
3.2669794680025417,E06000024,Recent,4.0,14173
3.4817181254706564,E06000025,Recent,4.0,17263
3.2150393089391387,E06000026,Recent,4.0,20606
3.604076615794321,E06000027,Recent,4.0,9763
3.341758241758243,E06000030,Recent,4.0,14651
3.287643479463429,E06000031,Recent,4.0,14462
3.7909689423214625,E06000032,Recent,4.0,13974
4.214767405557295,E06000033,Recent,4.0,9609
3.523688122491447,E06000034,Recent,4.0,13454
3.3675071782824264,E06000035,Recent,4.0,19155
3.335523665659622,E06000036,Recent,4.0,7944
3.8914654988250383,E06000037,Recent,4.0,9362
3.4844265344079393,E06000038,Recent,4.0,8065
3.3595361075918495,E06000039,Recent,4.0,10261
3.729754959159867,E06000040,Recent,4.0,8570
3.5355792481864117,E06000041,Recent,4.0,9098
3.2026113754325234,E06000042,Recent,4.0,18496
3.627896055103329,E06000043,Recent,4.0,12776
3.3362660944205977,E06000044,Recent,4.0,9786
3.441338087248315,E06000045,Recent,4.0,14304
3.588109423512623,E06000046,Recent,4.0,11917
3.647034723498073,E06000047,Recent,4.0,54430
3.7482898550724624,E06000049,Recent,4.0,24150
3.5511533586818715,E06000050,Recent,4.0,23670
3.890404721753792,E06000051,Recent,4.0,17790
4.022553922311456,E06000052,Recent,4.0,39594
5.526618705035967,E06000053,Recent,4.0,139
3.7401419823699666,E06000054,Recent,4.0,29722
3.379193185156176,E06000055,Recent,4.0,10213
3.522465495260795,E06000056,Recent,4.0,18041
4.01739769876286,E06000057,Recent,4.0,23118
3.6795854543034894,E06000058,Recent,4.0,30057
3.800985761226723,E06000059,Recent,4.0,27390
3.361672264875241,E06000060,Recent,4.0,8336
3.2007235338918503,E06000061,Recent,4.0,5252
3.2156937799043037,E06000062,Recent,4.0,6270
3.4611636707663185,E06000063,Recent,4.0,2114
3.456863839285712,E06000064,Recent,4.0,1792
3.627853107344633,E06000065,Recent,4.0,3540
3.091369319914609,E06000066,Recent,4.0,3279
3.6105443341321477,E07000004,Recent,4.0,8763
4.2811026237130445,E07000005,Recent,4.0,3011
3.9503966885132846,E07000006,Recent,4.0,2899
4.007322900489785,E07000007,Recent,4.0,8371
3.4191360965539137,E07000008,Recent,4.0,6297
3.8629289840298986,E07000009,Recent,4.0,5886
3.7532454231212418,E07000010,Recent,4.0,7811
3.4707468000339126,E07000011,Recent,4.0,11797
3.669789517127523,E07000012,Recent,4.0,9692
4.002004600722968,E07000026,Recent,4.0,6086
3.80679530201342,E07000027,Recent,4.0,3576
3.8139485627836613,E07000028,Recent,4.0,6610
4.004956437560504,E07000029,Recent,4.0,5165
4.813781449493051,E07000030,Recent,4.0,2663
4.214590249868954,E07000031,Recent,4.0,5723
3.8621750374302386,E07000032,Recent,4.0,7347
3.75962950017476,E07000033,Recent,4.0,5722
3.5477057952863538,E07000034,Recent,4.0,8783
4.162554808535519,E07000035,Recent,4.0,3421
3.703375623017677,E07000036,Recent,4.0,8828
3.601969656640942,E07000037,Recent,4.0,3757
3.7739836358987517,E07000038,Recent,4.0,7822
3.5729026331904477,E07000039,Recent,4.0,6532
3.769840956238266,E07000040,Recent,4.0,10123
3.129508642983525,E07000041,Recent,4.0,7347
3.599309600863,E07000042,Recent,4.0,4635
3.6977231329690348,E07000043,Recent,4.0,6588
4.136978131212724,E07000044,Recent,4.0,6036
3.605882352941175,E07000045,Recent,4.0,8313
3.857245915552729,E07000046,Recent,4.0,4713
3.946594877764844,E07000047,Recent,4.0,3436
3.3699323410013498,E07000061,Recent,4.0,7390
3.418419333768774,E07000062,Recent,4.0,6124
3.8063084112149608,E07000063,Recent,4.0,7704
3.9679217668972813,E07000064,Recent,4.0,7516
3.8226627405615705,E07000065,Recent,4.0,9509
3.7002568383202754,E07000066,Recent,4.0,15574
3.7111027595833734,E07000067,Recent,4.0,9313
4.014257294429715,E07000068,Recent,4.0,4524
4.222183197527394,E07000069,Recent,4.0,7118
3.791024578845621,E07000070,Recent,4.0,10863
3.5201580698835193,E07000071,Recent,4.0,12020
3.978500058775125,E07000072,Recent,4.0,8507
3.4663336855249276,E07000073,Recent,4.0,10411
4.248662685016878,E07000074,Recent,4.0,3851
4.192306328665131,E07000075,Recent,4.0,5641
4.075811379965311,E07000076,Recent,4.0,12109
3.946315502183411,E07000077,Recent,4.0,3664
3.45749959196997,E07000078,Recent,4.0,6127
4.090531042561502,E07000079,Recent,4.0,5122
4.078673196794301,E07000080,Recent,4.0,4492
3.191230039920165,E07000081,Recent,4.0,8016
3.7285180149558164,E07000082,Recent,4.0,5884
3.437398822663723,E07000083,Recent,4.0,5436
3.4387767801582325,E07000084,Recent,4.0,11249
3.6729777256740905,E07000085,Recent,4.0,6824
3.3219045340351703,E07000086,Recent,4.0,8359
3.460285604013894,E07000087,Recent,4.0,7773
3.416218889072031,E07000088,Recent,4.0,6067
3.5293891663465207,E07000089,Recent,4.0,5206
3.5897012267510866,E07000090,Recent,4.0,10108
3.6440875912408766,E07000091,Recent,4.0,14385
3.4790974882928922,E07000092,Recent,4.0,7047
3.5325254213678816,E07000093,Recent,4.0,7179
3.4849757673667194,E07000094,Recent,4.0,6190
3.7148218227688488,E07000095,Recent,4.0,6342
3.643384355338524,E07000096,Recent,4.0,10649
3.789904610492846,E07000098,Recent,4.0,6290
3.4419258373205777,E07000099,Recent,4.0,8360
3.790980463757533,E07000102,Recent,4.0,5477
3.6452085967130183,E07000103,Recent,4.0,3955
3.4677266966240325,E07000105,Recent,4.0,8679
3.5218079301564287,E07000106,Recent,4.0,10996
3.5478546712802785,E07000107,Recent,4.0,5780
3.5687031212194533,E07000108,Recent,4.0,8266
3.4876687289088895,E07000109,Recent,4.0,7112
3.4479808863487267,E07000110,Recent,4.0,10673
3.932259687971816,E07000111,Recent,4.0,5961
3.7028720310227823,E07000112,Recent,4.0,8252
3.39060574462034,E07000113,Recent,4.0,10549
3.6041003787878765,E07000114,Recent,4.0,10560
3.5777579806978466,E07000115,Recent,4.0,6735
3.756557707828892,E07000116,Recent,4.0,4956
3.7943188405797037,E07000117,Recent,4.0,5175
3.616534181240063,E07000118,Recent,4.0,6290
3.901414503133393,E07000119,Recent,4.0,5585
3.85856248298394,E07000120,Recent,4.0,3673
3.9562889165628934,E07000121,Recent,4.0,8833
3.9903621328770997,E07000122,Recent,4.0,3507
3.395559279430242,E07000123,Recent,4.0,9548
4.184410820724437,E07000124,Recent,4.0,2181
3.975528431080677,E07000125,Recent,4.0,3359
3.6638947815019094,E07000126,Recent,4.0,7071
3.95373801077388,E07000127,Recent,4.0,7611
4.0267398049645395,E07000128,Recent,4.0,9024
3.874709076803724,E07000129,Recent,4.0,6445
3.711761347416501,E07000130,Recent,4.0,10509
3.7999795081967216,E07000131,Recent,4.0,4880
3.762334250688011,E07000132,Recent,4.0,7994
4.029102844638955,E07000133,Recent,4.0,3199
3.9287019848636233,E07000134,Recent,4.0,7003
3.9772706209453252,E07000135,Recent,4.0,4316
3.829326265389877,E07000136,Recent,4.0,5848
4.298764752163663,E07000137,Recent,4.0,12710
3.3729612403100786,E07000138,Recent,4.0,6450
3.8265659659871174,E07000139,Recent,4.0,9467
4.126035748926147,E07000140,Recent,4.0,7217
3.753221844293266,E07000141,Recent,4.0,10584
3.8984414848398985,E07000142,Recent,4.0,7058
4.012240058372853,E07000143,Recent,4.0,10964
3.9176729099089678,E07000144,Recent,4.0,9557
3.7473368841544636,E07000145,Recent,4.0,7510
4.2025368731563395,E07000146,Recent,4.0,13560
4.453644859813084,E07000147,Recent,4.0,9095
3.3401741539679386,E07000148,Recent,4.0,10106
4.128050343782775,E07000149,Recent,4.0,8581
3.6193833464257548,E07000150,Recent,4.0,5092
3.916234309623432,E07000151,Recent,4.0,3585
3.6131362196409715,E07000152,Recent,4.0,4735
3.667337370580181,E07000153,Recent,4.0,5119
3.5748211604698388,E07000154,Recent,4.0,11323
3.8051275020564845,E07000155,Recent,4.0,3647
3.412244897959186,E07000156,Recent,4.0,4361
4.013650374284457,E07000163,Recent,4.0,2271
4.185579243765081,E07000164,Recent,4.0,4972
3.996108355589473,E07000165,Recent,4.0,7863
4.319126819126826,E07000166,Recent,4.0,2886
4.573640167364017,E07000167,Recent,4.0,2868
4.138810965890983,E07000168,Recent,4.0,6274
3.8292031872510024,E07000169,Recent,4.0,5020
3.6595473127929012,E07000170,Recent,4.0,10029
3.8810773795937026,E07000171,Recent,4.0,8762
3.958286713286714,E07000172,Recent,4.0,8580
3.898631146677903,E07000173,Recent,4.0,9497
3.7418854114083784,E07000174,Recent,4.0,7924
3.8168741024413575,E07000175,Recent,4.0,8356
3.7826144756277706,E07000176,Recent,4.0,6770
3.5365123983535742,E07000177,Recent,4.0,9961
3.23832833063957,E07000178,Recent,4.0,8662
3.8083323061752727,E07000179,Recent,4.0,8113
3.7101092896174905,E07000180,Recent,4.0,7686
3.5555602240896325,E07000181,Recent,4.0,7140
3.577635147351297,E07000187,Recent,4.0,5531
3.5601603665521213,E07000188,Recent,4.0,8730
3.7284616152540697,E07000189,Recent,4.0,10017
3.8411905965621878,E07000192,Recent,4.0,7912
3.6111242778847568,E07000193,Recent,4.0,6751
3.8023720722064747,E07000194,Recent,4.0,6703
3.875630444750106,E07000195,Recent,4.0,8724
3.8415360000000027,E07000196,Recent,4.0,6250
3.7910861792627277,E07000197,Recent,4.0,8111
4.075165016501653,E07000198,Recent,4.0,6060
3.60713391739675,E07000199,Recent,4.0,5593
3.929161561351309,E07000200,Recent,4.0,5713
3.530491486535443,E07000202,Recent,4.0,8281
3.9676670962990253,E07000203,Recent,4.0,5431
3.6615559157212303,E07000207,Recent,4.0,6170
3.8839285714285694,E07000208,Recent,4.0,3808
3.922644539614561,E07000209,Recent,4.0,7472
3.957573333333337,E07000210,Recent,4.0,3750
3.6271182574980005,E07000211,Recent,4.0,8769
3.7511543684925295,E07000212,Recent,4.0,4418
3.6451171875000075,E07000213,Recent,4.0,8192
3.7401163999168565,E07000214,Recent,4.0,4811
3.9695652173913096,E07000215,Recent,4.0,4025
3.8442819843342013,E07000216,Recent,4.0,5745
3.4266042578891738,E07000217,Recent,4.0,6623
3.929393691110203,E07000218,Recent,4.0,4882
3.762566522743254,E07000219,Recent,4.0,9959
3.526762654000295,E07000220,Recent,4.0,6737
3.853528978647307,E07000221,Recent,4.0,9507
3.5919246765249526,E07000222,Recent,4.0,8656
3.717729257641921,E07000223,Recent,4.0,5725
3.629616567869741,E07000224,Recent,4.0,13327
3.869176905799973,E07000225,Recent,4.0,7569
3.391108774389524,E07000226,Recent,4.0,8559
3.783526769000368,E07000227,Recent,4.0,8013
3.6005658852061475,E07000228,Recent,4.0,8659
3.8632153663991535,E07000229,Recent,4.0,7601
3.964716417910446,E07000234,Recent,4.0,5025
3.9859451518119533,E07000235,Recent,4.0,4084
3.40804164422904,E07000236,Recent,4.0,5571
3.4601358042155894,E07000237,Recent,4.0,7069
3.6765020993195274,E07000238,Recent,4.0,6907
3.721295617763444,E07000239,Recent,4.0,6823
3.6297872340425594,E07000240,Recent,4.0,7426
3.5199837199837223,E07000241,Recent,4.0,7371
3.6853360488798383,E07000242,Recent,4.0,6874
3.479470281024626,E07000243,Recent,4.0,8042
3.8320299946438183,E07000244,Recent,4.0,16803
3.954205996668519,E07000245,Recent,4.0,14408
3.623337378640782,E07000246,Recent,4.0,8240
3.5867772807067353,E08000001,Recent,4.0,17659
3.6367343725397596,E08000002,Recent,4.0,12702
3.2531615488560606,E08000003,Recent,4.0,42922
3.540204808548537,E08000004,Recent,4.0,15722
3.4521510693534445,E08000005,Recent,4.0,16178
3.1528414075445994,E08000006,Recent,4.0,20518
3.6044012450171956,E08000007,Recent,4.0,18313
3.300654269972451,E08000008,Recent,4.0,20328
3.6709232336327395,E08000009,Recent,4.0,10799
3.5826497673976974,E08000010,Recent,4.0,21066
3.091532318818753,E08000011,Recent,4.0,19911
3.2482421349825294,E08000012,Recent,4.0,29752
3.4373180873180895,E08000013,Recent,4.0,17316
3.704438642297646,E08000014,Recent,4.0,16086
3.6386502204296027,E08000015,Recent,4.0,21322
3.52049549549549,E08000016,Recent,4.0,18204
3.786365208369359,E08000017,Recent,4.0,23132
3.642234290934926,E08000018,Recent,4.0,19702
3.427509919785329,E08000019,Recent,4.0,35031
3.663012099341962,E08000021,Recent,4.0,18844
3.4413577185368887,E08000022,Recent,4.0,16130
3.425835251447305,E08000023,Recent,4.0,14337
3.5652853997568186,E08000024,Recent,4.0,30431
3.7645633843075514,E08000025,Recent,4.0,69970
3.7685808006955637,E08000026,Recent,4.0,25303
3.69452504457773,E08000027,Recent,4.0,24676
3.675808694871907,E08000028,Recent,4.0,22289
3.8574319715000387,E08000029,Recent,4.0,13193
3.6848332411087057,E08000030,Recent,4.0,19879
3.831280254777069,E08000031,Recent,4.0,15700
3.746960880538424,E08000032,Recent,4.0,28528
3.696007532956688,E08000033,Recent,4.0,10620
3.5335136900041966,E08000034,Recent,4.0,21439
3.586864576766573,E08000035,Recent,4.0,52347
3.449715038519934,E08000036,Recent,4.0,34917
3.524908424908423,E08000037,Recent,4.0,14742
4.125203252032522,E09000001,Recent,4.0,246
3.55225346067174,E09000002,Recent,4.0,18638
3.7249272279444687,E09000003,Recent,4.0,17864
3.7820787230183175,E09000004,Recent,4.0,16539
3.6294923905851153,E09000005,Recent,4.0,10579
3.7958439601205645,E09000006,Recent,4.0,17252
3.271371966319961,E09000007,Recent,4.0,8076
3.6795986822401923,E09000008,Recent,4.0,16695
3.512210418533217,E09000009,Recent,4.0,15626
3.6616802677156097,E09000010,Recent,4.0,17033
3.160421293065161,E09000011,Recent,4.0,15761
2.8103590127150326,E09000012,Recent,4.0,10696
3.0183475875423618,E09000013,Recent,4.0,6197
3.176373276776246,E09000014,Recent,4.0,9430
3.9583416500332738,E09000015,Recent,4.0,12024
4.00420991005376,E09000016,Recent,4.0,18789
3.7511478178267965,E09000017,Recent,4.0,18949
3.4866873299062586,E09000018,Recent,4.0,13228
2.886114055543779,E09000019,Recent,4.0,9434
3.5746463547334044,E09000020,Recent,4.0,4595
3.650730304772856,E09000021,Recent,4.0,8695
3.0586029127464878,E09000022,Recent,4.0,15518
3.258261129369581,E09000023,Recent,4.0,13388
3.458351958021567,E09000024,Recent,4.0,10291
3.018241064230045,E09000025,Recent,4.0,14884
3.8678620901954726,E09000026,Recent,4.0,12994
3.567994346652962,E09000027,Recent,4.0,7783
3.107030620467366,E09000028,Recent,4.0,14892
3.5354253564846285,E09000029,Recent,4.0,10309
2.8620592224231456,E09000030,Recent,4.0,17696
3.3670599520383684,E09000031,Recent,4.0,10425
3.166354250567478,E09000032,Recent,4.0,13657
3.3013729528292584,E09000033,Recent,4.0,10197
4.262991979108368,W06000001,Recent,4.0,5361
4.507582461786,W06000002,Recent,4.0,4972
3.9280608365019005,W06000003,Recent,4.0,7890
3.9879437465865615,W06000004,Recent,4.0,7324
3.7149578777558707,W06000005,Recent,4.0,11158
3.3783834366592553,W06000006,Recent,4.0,8549
4.777184466019426,W06000008,Recent,4.0,4326
4.131001865174524,W06000009,Recent,4.0,7506
4.154813583965104,W06000010,Recent,4.0,9629
3.5257656915258946,W06000011,Recent,4.0,14562
3.49194958555694,W06000012,Recent,4.0,8807
3.366930930930928,W06000013,Recent,4.0,8325
3.3318084436042876,W06000014,Recent,4.0,7935
3.2100886917960083,W06000015,Recent,4.0,18942
3.4696324761060264,W06000016,Recent,4.0,10149
3.5739340659340653,W06000018,Recent,4.0,11375
3.7950778024769742,W06000019,Recent,4.0,3149
3.4249037227214436,W06000020,Recent,4.0,6232
3.5388398233641136,W06000021,Recent,4.0,4982
3.433792008467851,W06000022,Recent,4.0,11337
4.227704280155641,W06000023,Recent,4.0,7710
3.449310571240975,W06000024,Recent,4.0,4569
3.9811414930555546,E06000001,Recent,5.0,9216
3.830299659774933,E06000002,Recent,5.0,15284
4.272947322594688,E06000003,Recent,5.0,11485
3.962560037304731,E06000004,Recent,5.0,21445
4.270870906502132,E06000005,Recent,5.0,8428
3.725484835540374,E06000006,Recent,5.0,11705
3.81185009542537,E06000007,Recent,5.0,17291
3.967627652015023,E06000008,Recent,5.0,9851
4.523415610406931,E06000009,Recent,5.0,14990
3.6584793272599856,E06000010,Recent,5.0,19978
4.560081543440794,E06000011,Recent,5.0,23791
4.220573113564184,E06000012,Recent,5.0,13226
4.399501186203543,E06000013,Recent,5.0,16439
4.088066534411719,E06000014,Recent,5.0,13106
4.139251353766887,E06000015,Recent,5.0,19021
4.154822742474905,E06000016,Recent,5.0,22425
4.3621172998893405,E06000017,Recent,5.0,2711
4.002004454342993,E06000018,Recent,5.0,33226
4.441113175414153,E06000019,Recent,5.0,12918
3.7760633309427925,E06000020,Recent,5.0,18127
3.8922781569965808,E06000021,Recent,5.0,21096
4.150816471423507,E06000022,Recent,5.0,11268
3.9730999270605514,E06000023,Recent,5.0,27420
3.785760130883459,E06000024,Recent,5.0,15892
3.896524221688503,E06000025,Recent,5.0,22067
3.5571029171282236,E06000026,Recent,5.0,18957
4.016093822573152,E06000027,Recent,5.0,8612
3.7216093665403385,E06000030,Recent,5.0,14776
3.6472318526543877,E06000031,Recent,5.0,18460
4.264747307373652,E06000032,Recent,5.0,14484
4.904312043584091,E06000033,Recent,5.0,8627
3.946525679758297,E06000034,Recent,5.0,10923
3.709431592169997,E06000035,Recent,5.0,19106
3.7947769953051624,E06000036,Recent,5.0,8520
4.264027538726342,E06000037,Recent,5.0,10458
4.045370370370373,E06000038,Recent,5.0,7668
3.914679854242582,E06000039,Recent,5.0,7684
4.514339168782581,E06000040,Recent,5.0,7483
4.258609200343938,E06000041,Recent,5.0,9304
3.5918718535469165,E06000042,Recent,5.0,21850
4.265245572393645,E06000043,Recent,5.0,10954
3.992091007583957,E06000044,Recent,5.0,11076
3.850306623058055,E06000045,Recent,5.0,14676
4.2315370623010455,E06000046,Recent,5.0,8796
4.098099112766045,E06000047,Recent,5.0,43506
4.301399536108816,E06000049,Recent,5.0,25437
4.093212562297285,E06000050,Recent,5.0,25282
4.470589297809884,E06000051,Recent,5.0,22145
4.532221945068041,E06000052,Recent,5.0,36081
5.380701754385965,E06000053,Recent,5.0,114
4.280374543239957,E06000054,Recent,5.0,32840
3.957129144851663,E06000055,Recent,5.0,11460
3.9781751901944253,E06000056,Recent,5.0,18928
4.578769299619611,E06000057,Recent,5.0,22345
4.368221838976118,E06000058,Recent,5.0,22034
4.420092656142755,E06000059,Recent,5.0,23312
3.833184760691923,E06000060,Recent,5.0,9423
3.5435243766282074,E06000061,Recent,5.0,5374
3.6382689075630252,E06000062,Recent,5.0,5950
3.9909620991253654,E06000063,Recent,5.0,1715
4.034519774011297,E06000064,Recent,5.0,1770
4.212413982934214,E06000065,Recent,5.0,3633
3.4931422147273734,E06000066,Recent,5.0,3558
4.261357101782633,E07000004,Recent,5.0,8695
5.093017296604739,E07000005,Recent,5.0,3122
4.679097909790977,E07000006,Recent,5.0,2727
4.547355327203901,E07000007,Recent,5.0,9245
3.9695037791652976,E07000008,Recent,5.0,6086
4.458158347676421,E07000009,Recent,5.0,5810
4.256694750486068,E07000010,Recent,5.0,7715
4.036535684426543,E07000011,Recent,5.0,13157
4.28118203309693,E07000012,Recent,5.0,10575
4.680299167091617,E07000026,Recent,5.0,5883
4.202829447209847,E07000027,Recent,5.0,3817
4.446606334841627,E07000028,Recent,5.0,6188
4.5063843791136495,E07000029,Recent,5.0,4558
5.859092266348156,E07000030,Recent,5.0,3349
4.709152186938286,E07000031,Recent,5.0,6676
4.288874392124311,E07000032,Recent,5.0,8431
4.162838201039241,E07000033,Recent,5.0,5581
3.981961360772783,E07000034,Recent,5.0,9524
4.755480930678823,E07000035,Recent,5.0,4169
4.056919566457499,E07000036,Recent,5.0,8765
4.230448282553855,E07000037,Recent,5.0,5153
4.250726429675414,E07000038,Recent,5.0,9705
3.9977247590456684,E07000039,Recent,5.0,6329
4.338041716200151,E07000040,Recent,5.0,9253
3.505993442622949,E07000041,Recent,5.0,7625
4.137685222266719,E07000042,Recent,5.0,4994
4.327363775250382,E07000043,Recent,5.0,5891
4.5468337945629145,E07000044,Recent,5.0,6143
4.048136205339871,E07000045,Recent,5.0,7753
4.45801876000915,E07000046,Recent,5.0,4371
4.683121827411167,E07000047,Recent,5.0,3152
3.9019390148553565,E07000061,Recent,5.0,6395
3.857415406767458,E07000062,Recent,5.0,5556
4.233493639466335,E07000063,Recent,5.0,6446
4.6325159556600655,E07000064,Recent,5.0,5954
4.363738317757013,E07000065,Recent,5.0,8560
4.012776470588237,E07000066,Recent,5.0,12750
4.1512250161186355,E07000067,Recent,5.0,9306
4.801479864143613,E07000068,Recent,5.0,4122
4.752501749475157,E07000069,Recent,5.0,5716
4.329072657743781,E07000070,Recent,5.0,10460
3.960898397410592,E07000071,Recent,5.0,12667
4.691626148028096,E07000072,Recent,5.0,7404
3.8365359688917695,E07000073,Recent,5.0,6172
4.725714285714286,E07000074,Recent,5.0,3675
4.629835196059859,E07000075,Recent,5.0,5279
4.617444148628322,E07000076,Recent,5.0,8639
4.541932319764587,E07000077,Recent,5.0,4078
3.8648250206668546,E07000078,Recent,5.0,7258
4.688386869043425,E07000079,Recent,5.0,5666
4.627499548002166,E07000080,Recent,5.0,5531
3.5915711739241134,E07000081,Recent,5.0,7854
4.1415598290598306,E07000082,Recent,5.0,6552
3.843133462282394,E07000083,Recent,5.0,6204
3.8468710191082742,E07000084,Recent,5.0,12560
4.224985498839908,E07000085,Recent,5.0,6896
3.7106674405107363,E07000086,Recent,5.0,8615
3.797733058552551,E07000087,Recent,5.0,8249
3.61456485587583,E07000088,Recent,5.0,7216
4.029329201604078,E07000089,Recent,5.0,5486
3.9686464520162565,E07000090,Recent,5.0,9597
4.096126902327088,E07000091,Recent,5.0,12419
3.8014508328855414,E07000092,Recent,5.0,7444
3.9434337491174465,E07000093,Recent,5.0,8498
4.144218215728937,E07000094,Recent,5.0,6434
4.17857274912183,E07000095,Recent,5.0,5409
4.206026422764231,E07000096,Recent,5.0,9840
4.427831223628682,E07000098,Recent,5.0,5925
3.902604821204167,E07000099,Recent,5.0,8753
4.454234001292825,E07000102,Recent,5.0,6188
4.298475887170154,E07000103,Recent,5.0,4396
3.881918025362322,E07000105,Recent,5.0,8832
3.9880344509381755,E07000106,Recent,5.0,9753
3.9795352839931186,E07000107,Recent,5.0,5810
3.9968930733019503,E07000108,Recent,5.0,7435
3.9464642429085046,E07000109,Recent,5.0,7509
4.043095467695268,E07000110,Recent,5.0,10370
4.539121504187081,E07000111,Recent,5.0,6329
4.302197962154296,E07000112,Recent,5.0,6870
3.749271509092848,E07000113,Recent,5.0,9403
4.133180076628351,E07000114,Recent,5.0,7830
4.014799672935411,E07000115,Recent,5.0,7338
4.430192422138463,E07000116,Recent,5.0,5041
4.312025561580166,E07000117,Recent,5.0,5164
3.947824990543436,E07000118,Recent,5.0,7931
4.6204180342028,E07000119,Recent,5.0,5789
4.340126050420169,E07000120,Recent,5.0,3808
4.303029400079453,E07000121,Recent,5.0,10068
4.519554888722183,E07000122,Recent,5.0,3999
4.050513992004564,E07000123,Recent,5.0,10506
4.90525601898949,E07000124,Recent,5.0,2949
4.5454703328509405,E07000125,Recent,5.0,3455
3.989147364217251,E07000126,Recent,5.0,10016
4.1396809295462935,E07000127,Recent,5.0,10844
4.463167259786482,E07000128,Recent,5.0,10116
4.217765184181347,E07000129,Recent,5.0,8117
4.147444362924917,E07000130,Recent,5.0,12267
4.3255749770009215,E07000131,Recent,5.0,5435
4.197929168137425,E07000132,Recent,5.0,8499
4.486529625151147,E07000133,Recent,5.0,4135
4.413320441360482,E07000134,Recent,5.0,8791
4.442408376963349,E07000135,Recent,5.0,4202
4.484312459651387,E07000136,Recent,5.0,6196
5.20506086956521,E07000137,Recent,5.0,11500
3.838581009530532,E07000138,Recent,5.0,5666
4.284244750026655,E07000139,Recent,5.0,9381
4.657624295233215,E07000140,Recent,5.0,7804
4.226961198616979,E07000141,Recent,5.0,13015
4.46063379319766,E07000142,Recent,5.0,7321
4.499376508447308,E07000143,Recent,5.0,9944
4.539212647241164,E07000144,Recent,5.0,9678
4.325404668597717,E07000145,Recent,5.0,5869
4.763329760039575,E07000146,Recent,5.0,12127
5.091580662683325,E07000147,Recent,5.0,7364
3.864156339370826,E07000148,Recent,5.0,8392
4.590422022523035,E07000149,Recent,5.0,8791
3.8913751298926207,E07000150,Recent,5.0,5774
4.298622981956314,E07000151,Recent,5.0,4212
3.922891798228725,E07000152,Recent,5.0,5194
4.113956639566389,E07000153,Recent,5.0,5166
3.9896436238729045,E07000154,Recent,5.0,11645
4.279442126070717,E07000155,Recent,5.0,4553
3.9431309166474207,E07000156,Recent,5.0,4331
4.610448887212374,E07000163,Recent,5.0,2651
4.748111843162469,E07000164,Recent,5.0,6223
4.69811969485334,E07000165,Recent,5.0,9307
4.737099856665074,E07000166,Recent,5.0,4186
5.406606509829197,E07000167,Recent,5.0,3103
4.850673810683551,E07000168,Recent,5.0,6159
4.480064713284194,E07000169,Recent,5.0,5563
3.9780587579025655,E07000170,Recent,5.0,10756
4.3029751218261065,E07000171,Recent,5.0,11697
4.4118391577060825,E07000172,Recent,5.0,8928
4.511040979745647,E07000173,Recent,5.0,10615
4.150425511102417,E07000174,Recent,5.0,10223
4.258899163364158,E07000175,Recent,5.0,11355
4.479384088964929,E07000176,Recent,5.0,8183
4.010022586109543,E07000177,Recent,5.0,10626
3.923689436060368,E07000178,Recent,5.0,10072
4.479068896655015,E07000179,Recent,5.0,8012
4.201643444087174,E07000180,Recent,5.0,8397
4.0745071744669366,E07000181,Recent,5.0,7457
4.152137153593234,E07000187,Recent,5.0,6387
3.9896231952107044,E07000188,Recent,5.0,8519
4.2473957812656185,E07000189,Recent,5.0,10003
4.205423640845986,E07000192,Recent,5.0,7707
4.310398139280342,E07000193,Recent,5.0,7309
4.247417908288734,E07000194,Recent,5.0,6913
4.181300970873792,E07000195,Recent,5.0,10300
4.346841694827135,E07000196,Recent,5.0,7694
4.327460629921258,E07000197,Recent,5.0,10160
4.67740972419677,E07000198,Recent,5.0,7034
3.749285127362369,E07000199,Recent,5.0,6085
4.3792973436161065,E07000200,Recent,5.0,5835
3.90719620419998,E07000202,Recent,5.0,11381
4.4910130989885575,E07000203,Recent,5.0,6031
4.5166483946750136,E07000207,Recent,5.0,6385
4.847652254765219,E07000208,Recent,5.0,4302
4.488823166974739,E07000209,Recent,5.0,8115
4.813631660631145,E07000210,Recent,5.0,3866
4.265697674418604,E07000211,Recent,5.0,8256
4.441384649413846,E07000212,Recent,5.0,4521
4.294265175718848,E07000213,Recent,5.0,6260
4.346471291866028,E07000214,Recent,5.0,5016
4.795728777362517,E07000215,Recent,5.0,3746
4.581928742720104,E07000216,Recent,5.0,5838
3.967870339267716,E07000217,Recent,5.0,5954
4.276418663303908,E07000218,Recent,5.0,5551
4.136567762630315,E07000219,Recent,5.0,9976
4.066175375911865,E07000220,Recent,5.0,6717
4.520514442336076,E07000221,Recent,5.0,9486
4.145321295804567,E07000222,Recent,5.0,9415
4.140473815461347,E07000223,Recent,5.0,4010
4.154097714736022,E07000224,Recent,5.0,10152
4.374423932084633,E07000225,Recent,5.0,7421
3.6289259170462684,E07000226,Recent,5.0,8342
4.459387082915649,E07000227,Recent,5.0,6983
4.149482936918307,E07000228,Recent,5.0,7736
4.468693970820884,E07000229,Recent,5.0,5689
4.4278329439252335,E07000234,Recent,5.0,6848
4.520357717041803,E07000235,Recent,5.0,4976
3.7627522458013334,E07000236,Recent,5.0,7681
3.8382120733632914,E07000237,Recent,5.0,8233
4.242962693798449,E07000238,Recent,5.0,8256
4.238574040219377,E07000239,Recent,5.0,7658
4.324692454026634,E07000240,Recent,5.0,7885
4.062428666224289,E07000241,Recent,5.0,7535
4.341073025335322,E07000242,Recent,5.0,6710
3.8018244153299854,E07000243,Recent,5.0,8167
4.2529964677004175,E07000244,Recent,5.0,16703
4.2294903621495425,E07000245,Recent,5.0,13696
4.09663602173004,E07000246,Recent,5.0,9572
4.09753493888917,E08000001,Recent,5.0,19391
4.158132121540964,E08000002,Recent,5.0,14744
3.7186536545337256,E08000003,Recent,5.0,34122
3.977052617783896,E08000004,Recent,5.0,15261
3.947492362525462,E08000005,Recent,5.0,15712
3.5887780905577547,E08000006,Recent,5.0,20959
4.133719186427952,E08000007,Recent,5.0,21338
3.74679448442565,E08000008,Recent,5.0,18203
4.215517945725129,E08000009,Recent,5.0,17135
3.821717515169456,E08000010,Recent,5.0,27028
3.5851777866560197,E08000011,Recent,5.0,17521
3.7480636257576165,E08000012,Recent,5.0,35143
3.8456560538891136,E08000013,Recent,5.0,17369
4.241991017964071,E08000014,Recent,5.0,22712
4.157752740093515,E08000015,Recent,5.0,26094
3.877881221320157,E08000016,Recent,5.0,22664
4.20597050919866,E08000017,Recent,5.0,29026
4.0278360226062695,E08000018,Recent,5.0,24418
3.905516824077256,E08000019,Recent,5.0,38011
4.230135783682546,E08000021,Recent,5.0,17086
3.9835047248471387,E08000022,Recent,5.0,14392
3.744361633182115,E08000023,Recent,5.0,15430
3.856492327411265,E08000024,Recent,5.0,28087
4.2902816093523715,E08000025,Recent,5.0,73222
4.015339288395132,E08000026,Recent,5.0,26644
4.137669976817409,E08000027,Recent,5.0,28901
4.072604307139047,E08000028,Recent,5.0,24471
4.337164296998422,E08000029,Recent,5.0,17724
4.042571859615681,E08000030,Recent,5.0,25188
4.319405569857238,E08000031,Recent,5.0,21365
4.221898349133217,E08000032,Recent,5.0,33861
4.250210587166573,E08000033,Recent,5.0,12109
4.0796745494639195,E08000034,Recent,5.0,26302
4.0739941244092535,E08000035,Recent,5.0,54803
3.867420542900039,E08000036,Recent,5.0,36655
3.98306636155606,E08000037,Recent,5.0,12673
5.503448275862069,E09000001,Recent,5.0,87
3.9715958855280564,E09000002,Recent,5.0,9819
4.801166828726219,E09000003,Recent,5.0,14398
4.25743904663464,E09000004,Recent,5.0,16447
4.546500286861729,E09000005,Recent,5.0,10458
4.69521308938146,E09000006,Recent,5.0,18091
3.991201079622135,E09000007,Recent,5.0,3705
4.546354292623939,E09000008,Recent,5.0,16540
4.22672947131609,E09000009,Recent,5.0,14224
4.350426825866211,E09000010,Recent,5.0,17923
3.9440409930205815,E09000011,Recent,5.0,11319
3.31547570436913,E09000012,Recent,5.0,4898
3.8439548434085937,E09000013,Recent,5.0,2746
3.9360940695296573,E09000014,Recent,5.0,6846
4.698327192336032,E09000015,Recent,5.0,13570
4.505341833369962,E09000016,Recent,5.0,18196
4.336003624347082,E09000017,Recent,5.0,18762
4.232328171692476,E09000018,Recent,5.0,11043
3.363248564397042,E09000019,Recent,5.0,3657
4.491911021233571,E09000020,Recent,5.0,1978
4.492756705659929,E09000021,Recent,5.0,8463
3.7669988199816395,E09000022,Recent,5.0,7627
3.999221878933521,E09000023,Recent,5.0,8739
4.243170580964149,E09000024,Recent,5.0,9708
3.7248486316299347,E09000025,Recent,5.0,8258
4.628092943736398,E09000026,Recent,5.0,12868
4.512537313432834,E09000027,Recent,5.0,5695
3.7113966318234652,E09000028,Recent,5.0,6888
4.442728682170539,E09000029,Recent,5.0,9675
3.36385472435248,E09000030,Recent,5.0,6911
4.1161638954869355,E09000031,Recent,5.0,8420
3.756998597475454,E09000032,Recent,5.0,7130
4.32013004605798,E09000033,Recent,5.0,3691
4.725705705705698,W06000001,Recent,5.0,6660
4.689411421060319,W06000002,Recent,5.0,6847
4.4917221797532,W06000003,Recent,5.0,9157
4.495117992258714,W06000004,Recent,5.0,8009
4.103485008818352,W06000005,Recent,5.0,14175
3.9695284159613036,W06000006,Recent,5.0,9924
5.502101506740693,W06000008,Recent,5.0,5044
4.743942577030807,W06000009,Recent,5.0,8568
4.753825794032717,W06000010,Recent,5.0,12468
4.122170660756347,W06000011,Recent,5.0,14438
3.766098377217898,W06000012,Recent,5.0,15837
3.8519889157057308,W06000013,Recent,5.0,11187
3.946504526120624,W06000014,Recent,5.0,9169
3.7701313291752143,W06000015,Recent,5.0,25813
3.897205444149145,W06000016,Recent,5.0,12417
3.9054709936817886,W06000018,Recent,5.0,13928
4.132908704883224,W06000019,Recent,5.0,4239
3.734307292311507,W06000020,Recent,5.0,8077
4.08552294958615,W06000021,Recent,5.0,6645
3.8939699792960765,W06000022,Recent,5.0,11592
4.8664021971315226,W06000023,Recent,5.0,9831
3.82467648371262,W06000024,Recent,5.0,6723
4.835418359057678,E06000001,Recent,6.0,2462
5.060794183445195,E06000002,Recent,6.0,3576
5.22316489361702,E06000003,Recent,6.0,3760
4.7742629854936895,E06000004,Recent,6.0,6411
5.237240829346093,E06000005,Recent,6.0,2508
4.6035373385738385,E06000006,Recent,6.0,3562
4.672723266744999,E06000007,Recent,6.0,6808
4.833092485549134,E06000008,Recent,6.0,3460
5.779387602688572,E06000009,Recent,6.0,4017
4.40462480163228,E06000010,Recent,6.0,4411
5.5034315962398495,E06000011,Recent,6.0,10957
5.041313107371415,E06000012,Recent,6.0,4219
5.212963734889539,E06000013,Recent,6.0,4798
4.884726469588855,E06000014,Recent,6.0,5886
4.781350824321929,E06000015,Recent,6.0,5641
4.852620205294433,E06000016,Recent,6.0,5553
5.392589820359285,E06000017,Recent,6.0,1336
4.9227698650674725,E06000018,Recent,6.0,5336
5.4284890829694294,E06000019,Recent,6.0,5725
4.590001714971701,E06000020,Recent,6.0,5831
4.610163850486436,E06000021,Recent,6.0,3906
5.151134195463209,E06000022,Recent,6.0,4717
4.79686392146169,E06000023,Recent,6.0,7334
4.798314458783244,E06000024,Recent,6.0,7594
4.71391106043329,E06000025,Recent,6.0,8770
4.4253330758833815,E06000026,Recent,6.0,5179
5.166493055555556,E06000027,Recent,6.0,3456
4.3644176581089535,E06000030,Recent,6.0,6388
4.538979082110527,E06000031,Recent,6.0,6406
5.1041876892028295,E06000032,Recent,6.0,3964
5.944575936883632,E06000033,Recent,6.0,3549
4.676267071320178,E06000034,Recent,6.0,3295
4.495997396680765,E06000035,Recent,6.0,6146
4.5928694369313945,E06000036,Recent,6.0,4067
5.198044865198604,E06000037,Recent,6.0,4859
4.8271625163827,E06000038,Recent,6.0,3052
4.47883211678832,E06000039,Recent,6.0,2740
5.4458403665300255,E06000040,Recent,6.0,4147
4.901470353204408,E06000041,Recent,6.0,6257
4.239797639123101,E06000042,Recent,6.0,8302
5.260563646680532,E06000043,Recent,6.0,5287
4.732617671345992,E06000044,Recent,6.0,3633
4.448514630332808,E06000045,Recent,6.0,4477
5.256569678407351,E06000046,Recent,6.0,3265
4.889601438417745,E06000047,Recent,6.0,13348
5.335220534481356,E06000049,Recent,6.0,12311
5.1276463630987585,E06000050,Recent,6.0,10146
5.519691539046382,E06000051,Recent,6.0,9207
5.567168004316451,E06000052,Recent,6.0,14827
6.571428571428569,E06000053,Recent,6.0,35
5.137342175742899,E06000054,Recent,6.0,15682
4.96576512455516,E06000055,Recent,6.0,4215
4.796249391134927,E06000056,Recent,6.0,8212
5.567048000943507,E06000057,Recent,6.0,8479
5.1928775490099435,E06000058,Recent,6.0,10151
5.28410862674548,E06000059,Recent,6.0,11673
4.856551571491807,E06000060,Recent,6.0,4518
4.167233384853169,E06000061,Recent,6.0,1941
4.524559932942162,E06000062,Recent,6.0,2386
5.251937984496125,E06000063,Recent,6.0,516
5.471630094043888,E06000064,Recent,6.0,638
5.342360695026962,E06000065,Recent,6.0,1669
4.313154362416111,E06000066,Recent,6.0,1490
5.3635679742074185,E07000004,Recent,6.0,3722
6.096889449348468,E07000005,Recent,6.0,2379
6.116815988973123,E07000006,Recent,6.0,1451
5.693461538461536,E07000007,Recent,6.0,3900
4.60616740088106,E07000008,Recent,6.0,2497
5.158068918457862,E07000009,Recent,6.0,2931
5.206423553027764,E07000010,Recent,6.0,2989
4.93210148115559,E07000011,Recent,6.0,6819
5.155514511873348,E07000012,Recent,6.0,5685
6.151360355358135,E07000026,Recent,6.0,1801
5.1789386401326665,E07000027,Recent,6.0,1206
5.405449127288208,E07000028,Recent,6.0,2349
5.809144542772862,E07000029,Recent,6.0,1356
6.79310924369748,E07000030,Recent,6.0,1190
6.191371158392438,E07000031,Recent,6.0,2538
5.1521694915254175,E07000032,Recent,6.0,2950
4.7527812113720636,E07000033,Recent,6.0,1618
4.735574018126883,E07000034,Recent,6.0,2648
5.96297485286249,E07000035,Recent,6.0,1869
4.915288315629741,E07000036,Recent,6.0,2636
5.07417515274949,E07000037,Recent,6.0,2455
5.021810699588478,E07000038,Recent,6.0,2673
4.86823837590046,E07000039,Recent,6.0,3054
5.232982917214191,E07000040,Recent,6.0,4566
4.293667456823569,E07000041,Recent,6.0,2953
5.119593495934955,E07000042,Recent,6.0,2460
5.3136761487965,E07000043,Recent,6.0,2742
5.5032986627043075,E07000044,Recent,6.0,3365
4.933441784801299,E07000045,Recent,6.0,4303
5.367209775967414,E07000046,Recent,6.0,1964
5.663548387096772,E07000047,Recent,6.0,1550
4.663357890655293,E07000061,Recent,6.0,2579
4.668379833578075,E07000062,Recent,6.0,2043
5.209980106100793,E07000063,Recent,6.0,3016
5.643137943137939,E07000064,Recent,6.0,2849
5.395578812473306,E07000065,Recent,6.0,4682
4.909157227874832,E07000066,Recent,6.0,5209
5.075623752495009,E07000067,Recent,6.0,4008
5.698226415094342,E07000068,Recent,6.0,2650
5.54318774445894,E07000069,Recent,6.0,3068
5.083992537313432,E07000070,Recent,6.0,5360
4.816901408450706,E07000071,Recent,6.0,5680
5.868545918367349,E07000072,Recent,6.0,3920
4.593921683226183,E07000073,Recent,6.0,1711
5.809692307692305,E07000074,Recent,6.0,1950
5.343478260869558,E07000075,Recent,6.0,2783
5.601785714285713,E07000076,Recent,6.0,3752
5.454081222356251,E07000077,Recent,6.0,2487
4.719629978049546,E07000078,Recent,6.0,3189
5.517716402829231,E07000079,Recent,6.0,2969
5.489431239388791,E07000080,Recent,6.0,2356
4.162222222222224,E07000081,Recent,6.0,3465
5.002632375189107,E07000082,Recent,6.0,3305
4.707654666200628,E07000083,Recent,6.0,2861
4.705448601525607,E07000084,Recent,6.0,5506
5.1836599706026485,E07000085,Recent,6.0,4082
4.4781306017925715,E07000086,Recent,6.0,3905
4.508471593765713,E07000087,Recent,6.0,3978
4.261924257932446,E07000088,Recent,6.0,1954
4.814212620807269,E07000089,Recent,6.0,3518
4.95376344086021,E07000090,Recent,6.0,3813
4.939377229970807,E07000091,Recent,6.0,6166
4.581046025104603,E07000092,Recent,6.0,2390
4.923642418032787,E07000093,Recent,6.0,3904
4.902286902286906,E07000094,Recent,6.0,3848
4.963636363636359,E07000095,Recent,6.0,2244
5.125834064969273,E07000096,Recent,6.0,4556
5.326486294054818,E07000098,Recent,6.0,2809
4.897297297297296,E07000099,Recent,6.0,3367
5.62597500946611,E07000102,Recent,6.0,2641
5.25271641791045,E07000103,Recent,6.0,1675
4.648399047367024,E07000105,Recent,6.0,3779
4.6336797877045575,E07000106,Recent,6.0,4522
4.73314031180401,E07000107,Recent,6.0,2245
5.058730158730161,E07000108,Recent,6.0,2268
4.9992625972961875,E07000109,Recent,6.0,2441
4.863752938662109,E07000110,Recent,6.0,4679
5.6448402948402965,E07000111,Recent,6.0,3256
5.294663195574354,E07000112,Recent,6.0,3073
4.624180967238691,E07000113,Recent,6.0,3205
5.123801002147464,E07000114,Recent,6.0,2794
4.697516375545852,E07000115,Recent,6.0,3664
5.4895665515918735,E07000116,Recent,6.0,2607
5.111343472750314,E07000117,Recent,6.0,1578
4.746892997878144,E07000118,Recent,6.0,3299
5.63781935948183,E07000119,Recent,6.0,2779
5.0882716049382735,E07000120,Recent,6.0,1458
5.3102216066481915,E07000121,Recent,6.0,3610
5.531964056482672,E07000122,Recent,6.0,1558
5.0939232707925,E07000123,Recent,6.0,3571
5.954625292740051,E07000124,Recent,6.0,1708
5.420687500000002,E07000125,Recent,6.0,1600
4.827407407407407,E07000126,Recent,6.0,3780
5.149802469135807,E07000127,Recent,6.0,4050
5.447485743908755,E07000128,Recent,6.0,3858
5.06836830566865,E07000129,Recent,6.0,3193
4.941534336976699,E07000130,Recent,6.0,4849
5.364898091232611,E07000131,Recent,6.0,3091
5.113636363636365,E07000132,Recent,6.0,3278
5.515043074884032,E07000133,Recent,6.0,1509
5.083554913294802,E07000134,Recent,6.0,3460
5.157293497363797,E07000135,Recent,6.0,1707
5.773200612557424,E07000136,Recent,6.0,1959
6.358016455414723,E07000137,Recent,6.0,4497
4.542228885557221,E07000138,Recent,6.0,2001
4.9964238410596,E07000139,Recent,6.0,4530
5.719993800371975,E07000140,Recent,6.0,3226
5.0440596053161535,E07000141,Recent,6.0,4966
5.4249058971141775,E07000142,Recent,6.0,3188
5.40315789473684,E07000143,Recent,6.0,4275
5.276571304724752,E07000144,Recent,6.0,4614
5.673895216400908,E07000145,Recent,6.0,2195
5.949068721901094,E07000146,Recent,6.0,4671
6.043228995057658,E07000147,Recent,6.0,3035
4.495456252346979,E07000148,Recent,6.0,2663
5.53827443781552,E07000149,Recent,6.0,4358
4.16136020151134,E07000150,Recent,6.0,1985
5.29887488748875,E07000151,Recent,6.0,2222
4.887523277467412,E07000152,Recent,6.0,2148
4.948811188811189,E07000153,Recent,6.0,2145
4.760022471910112,E07000154,Recent,6.0,4450
5.271605415860731,E07000155,Recent,6.0,2585
4.822315653298838,E07000156,Recent,6.0,1546
5.623076923076923,E07000163,Recent,6.0,1170
6.125298156848574,E07000164,Recent,6.0,2767
5.775469637396244,E07000165,Recent,6.0,4578
5.997462871287127,E07000166,Recent,6.0,1616
6.511055634807415,E07000167,Recent,6.0,1402
6.048719062092919,E07000168,Recent,6.0,2303
5.517029548989112,E07000169,Recent,6.0,2572
4.656963350785335,E07000170,Recent,6.0,2865
5.235957066189628,E07000171,Recent,6.0,3913
5.064663081303378,E07000172,Recent,6.0,3161
5.578112984324163,E07000173,Recent,6.0,3381
4.756252375522612,E07000174,Recent,6.0,2631
5.2637784843667195,E07000175,Recent,6.0,3774
5.3963280877443935,E07000176,Recent,6.0,4194
4.996357094670559,E07000177,Recent,6.0,4447
4.588780222765552,E07000178,Recent,6.0,3681
5.344763205828782,E07000179,Recent,6.0,4392
4.976020300274892,E07000180,Recent,6.0,4729
4.955211267605635,E07000181,Recent,6.0,3550
4.963538781163438,E07000187,Recent,6.0,2888
4.890598036298719,E07000188,Recent,6.0,3361
5.225373854317413,E07000189,Recent,6.0,4146
5.006061761341974,E07000192,Recent,6.0,2623
5.129551539491296,E07000193,Recent,6.0,2988
5.232702134054708,E07000194,Recent,6.0,3327
5.157269503546098,E07000195,Recent,6.0,2820
5.318905757662559,E07000196,Recent,6.0,3491
5.210456450861668,E07000197,Recent,6.0,4294
5.6001586042823135,E07000198,Recent,6.0,2522
4.475022706630331,E07000199,Recent,6.0,2202
5.453688669255207,E07000200,Recent,6.0,2833
4.63926762758083,E07000202,Recent,6.0,2567
5.566993143976494,E07000203,Recent,6.0,3063
5.440104037651719,E07000207,Recent,6.0,4037
5.597356464270961,E07000208,Recent,6.0,2421
5.139053254437869,E07000209,Recent,6.0,4225
5.886977299880525,E07000210,Recent,6.0,2511
5.4240294840294885,E07000211,Recent,6.0,4070
5.168454509336508,E07000212,Recent,6.0,2517
4.976200564971756,E07000213,Recent,6.0,2832
5.202185287780852,E07000214,Recent,6.0,3249
5.868085106382979,E07000215,Recent,6.0,2397
5.595541575492338,E07000216,Recent,6.0,3656
4.937174721189588,E07000217,Recent,6.0,2959
5.174566128067029,E07000218,Recent,6.0,1671
4.770779976717114,E07000219,Recent,6.0,3436
4.888856937455065,E07000220,Recent,6.0,2782
5.484462886122635,E07000221,Recent,6.0,4338
4.998672964462439,E07000222,Recent,6.0,4446
5.034276094276092,E07000223,Recent,6.0,1485
5.169433067471435,E07000224,Recent,6.0,4639
5.40960497835498,E07000225,Recent,6.0,3696
4.348486009965509,E07000226,Recent,6.0,2609
5.29438123984212,E07000227,Recent,6.0,4307
4.956582936336073,E07000228,Recent,6.0,4618
5.530325064157396,E07000229,Recent,6.0,2338
5.434878331402086,E07000234,Recent,6.0,3452
5.612645523885985,E07000235,Recent,6.0,2491
4.565173745173744,E07000236,Recent,6.0,2590
4.559655172413789,E07000237,Recent,6.0,2900
5.245604125736737,E07000238,Recent,6.0,4072
5.096731321839076,E07000239,Recent,6.0,2784
5.2348244863013695,E07000240,Recent,6.0,4672
4.801168038226712,E07000241,Recent,6.0,3767
5.245508672016564,E07000242,Recent,6.0,3863
4.418040816326529,E07000243,Recent,6.0,2450
5.1655944243399,E07000244,Recent,6.0,7461
5.262384259259261,E07000245,Recent,6.0,6048
5.135355244079261,E07000246,Recent,6.0,4138
4.965054466230935,E08000001,Recent,6.0,6885
5.18558817885243,E08000002,Recent,6.0,5211
4.412240990990994,E08000003,Recent,6.0,8880
4.944584328196225,E08000004,Recent,6.0,4607
4.99248945147679,E08000005,Recent,6.0,4740
4.418740902474527,E08000006,Recent,6.0,5496
5.207824855423105,E08000007,Recent,6.0,8473
4.649095269239157,E08000008,Recent,6.0,4587
5.184733371559632,E08000009,Recent,6.0,6976
4.568519003931844,E08000010,Recent,6.0,7630
4.481089954038078,E08000011,Recent,6.0,4569
4.986294829995339,E08000012,Recent,6.0,8588
4.80641203703704,E08000013,Recent,6.0,4320
5.418259429153926,E08000014,Recent,6.0,7848
5.37814488497308,E08000015,Recent,6.0,8172
4.606261895698517,E08000016,Recent,6.0,5254
4.935329258127259,E08000017,Recent,6.0,7198
4.872762711864403,E08000018,Recent,6.0,5900
4.862681505034436,E08000019,Recent,6.0,9435
5.003105472448396,E08000021,Recent,6.0,5281
4.939066059225514,E08000022,Recent,6.0,4390
4.853883861236803,E08000023,Recent,6.0,2652
4.849106011544421,E08000024,Recent,6.0,7103
5.179862526665081,E08000025,Recent,6.0,21095
4.795364440378162,E08000026,Recent,6.0,6558
4.988437900128043,E08000027,Recent,6.0,7810
4.603425141242937,E08000028,Recent,6.0,5664
5.35806153439852,E08000029,Recent,6.0,7573
5.079854569492643,E08000030,Recent,6.0,6051
5.272350993377489,E08000031,Recent,6.0,5436
5.237926330150062,E08000032,Recent,6.0,10995
5.132333502796134,E08000033,Recent,6.0,3934
4.972839378238338,E08000034,Recent,6.0,9650
5.065389674449199,E08000035,Recent,6.0,18246
4.733056358381499,E08000036,Recent,6.0,8304
4.844109418713087,E08000037,Recent,6.0,3217
7.3647058823529425,E09000001,Recent,6.0,17
4.590657769304095,E09000002,Recent,6.0,2098
6.035891286970431,E09000003,Recent,6.0,7506
5.081355932203389,E09000004,Recent,6.0,5605
5.467225038571743,E09000005,Recent,6.0,4537
5.699922308546059,E09000006,Recent,6.0,9010
5.403333333333337,E09000007,Recent,6.0,1350
5.503257520176089,E09000008,Recent,6.0,6815
4.889746093749996,E09000009,Recent,6.0,5120
5.340087950747579,E09000010,Recent,6.0,5685
4.748381128584646,E09000011,Recent,6.0,3243
4.055354449472098,E09000012,Recent,6.0,1326
4.667637877211238,E09000013,Recent,6.0,961
4.910910616869489,E09000014,Recent,6.0,2383
5.605392832529294,E09000015,Recent,6.0,5804
5.384857945675932,E09000016,Recent,6.0,6406
5.129020677771391,E09000017,Recent,6.0,6964
4.902543679342237,E09000018,Recent,6.0,3892
4.04662273476112,E09000019,Recent,6.0,1214
6.099040511727078,E09000020,Recent,6.0,938
5.39378601854172,E09000021,Recent,6.0,3991
4.3877971473851085,E09000022,Recent,6.0,2524
4.8242783708975905,E09000023,Recent,6.0,2529
4.991690728264353,E09000024,Recent,6.0,3117
4.244803001876175,E09000025,Recent,6.0,2665
5.482983153511266,E09000026,Recent,6.0,5283
5.382729721640229,E09000027,Recent,6.0,3341
4.323076923076921,E09000028,Recent,6.0,2210
5.314117947408727,E09000029,Recent,6.0,3917
3.8862884160756495,E09000030,Recent,6.0,2115
4.991348351289585,E09000031,Recent,6.0,3063
4.707992047713716,E09000032,Recent,6.0,2515
6.062500000000003,E09000033,Recent,6.0,1432
6.046481398476023,W06000001,Recent,6.0,2231
6.195340957221517,W06000002,Recent,6.0,2361
5.682139253279517,W06000003,Recent,6.0,2973
5.774607916355488,W06000004,Recent,6.0,2678
5.237465051258154,W06000005,Recent,6.0,4292
5.017093739863767,W06000006,Recent,6.0,3083
6.69787535410765,W06000008,Recent,6.0,2118
5.901272396780054,W06000009,Recent,6.0,3851
5.945256486432956,W06000010,Recent,6.0,5049
5.04169953388311,W06000011,Recent,6.0,5578
4.700846221184709,W06000012,Recent,6.0,3427
4.692620192307691,W06000013,Recent,6.0,4160
5.008724832214769,W06000014,Recent,6.0,3874
4.575714744619334,W06000015,Recent,6.0,9339
4.594695321001086,W06000016,Recent,6.0,3676
4.546794871794867,W06000018,Recent,6.0,3120
5.07214111922141,W06000019,Recent,6.0,822
4.608693492300047,W06000020,Recent,6.0,2013
5.092561469032052,W06000021,Recent,6.0,3213
4.618373812038016,W06000022,Recent,6.0,3788
6.116039319108124,W06000023,Recent,6.0,4171
4.7486096807415,W06000024,Recent,6.0,971
5.615730337078652,E06000001,Recent,7.0,1068
5.78860936408106,E06000002,Recent,7.0,1431
5.715640880858273,E06000003,Recent,7.0,1771
5.293345599509353,E06000004,Recent,7.0,3261
5.930619345859431,E06000005,Recent,7.0,1437
5.078697068403908,E06000006,Recent,7.0,1535
5.516432978126756,E06000007,Recent,7.0,3566
5.474769053117782,E06000008,Recent,7.0,1732
6.764360587002095,E06000009,Recent,7.0,1431
5.094251242015616,E06000010,Recent,7.0,1409
6.372060900957459,E06000011,Recent,7.0,6371
5.83967363590005,E06000012,Recent,7.0,1961
5.921637658227849,E06000013,Recent,7.0,2528
5.43770283168947,E06000014,Recent,7.0,3143
5.397569209993244,E06000015,Recent,7.0,2962
5.643830284157265,E06000016,Recent,7.0,2569
6.260343087790107,E06000017,Recent,7.0,991
5.556401231852174,E06000018,Recent,7.0,2273
6.140775284173714,E06000019,Recent,7.0,3431
5.279703569267997,E06000020,Recent,7.0,3306
5.173765020026703,E06000021,Recent,7.0,1498
5.871130030959755,E06000022,Recent,7.0,2584
5.550512548603748,E06000023,Recent,7.0,2829
5.398765432098765,E06000024,Recent,7.0,4617
5.208587786259543,E06000025,Recent,7.0,4716
5.270206022187007,E06000026,Recent,7.0,1893
5.885470085470088,E06000027,Recent,7.0,1755
4.823000292997369,E06000030,Recent,7.0,3413
5.210509244242616,E06000031,Recent,7.0,3083
5.698055391868,E06000032,Recent,7.0,1697
6.984174454828663,E06000033,Recent,7.0,1605
5.309639440765268,E06000034,Recent,7.0,1359
5.157917728431014,E06000035,Recent,7.0,2747
5.2479332574895725,E06000036,Recent,7.0,2637
6.032511415525117,E06000037,Recent,7.0,3285
5.625838509316767,E06000038,Recent,7.0,1610
5.140177690029616,E06000039,Recent,7.0,1013
6.385947601224905,E06000040,Recent,7.0,2939
5.478027754415474,E06000041,Recent,7.0,4756
4.773202185792348,E06000042,Recent,7.0,4575
6.225977768629067,E06000043,Recent,7.0,2429
5.944691358024692,E06000044,Recent,7.0,1215
5.169806763285022,E06000045,Recent,7.0,1656
5.9927119831815,E06000046,Recent,7.0,1427
5.553100649350648,E06000047,Recent,7.0,6160
6.265465898174844,E06000049,Recent,7.0,8328
5.876285379333443,E06000050,Recent,7.0,5971
6.260108205590617,E06000051,Recent,7.0,5545
6.402293190770965,E06000052,Recent,7.0,7108
7.7333333333333325,E06000053,Recent,7.0,15
5.790687875276522,E06000054,Recent,7.0,9493
5.692319627618312,E06000055,Recent,7.0,2578
5.490783509605009,E06000056,Recent,7.0,4633
6.381582251988277,E06000057,Recent,7.0,4778
6.110886943281313,E06000058,Recent,7.0,5254
6.026357875678941,E06000059,Recent,7.0,6628
5.62247497725205,E06000060,Recent,7.0,3297
4.953860294117645,E06000061,Recent,7.0,1088
5.299069045771915,E06000062,Recent,7.0,1289
6.379183673469387,E06000063,Recent,7.0,245
6.5947183098591555,E06000064,Recent,7.0,284
6.200900900900905,E06000065,Recent,7.0,999
5.072008547008547,E06000066,Recent,7.0,936
6.033941747572811,E07000004,Recent,7.0,2575
6.809135399673732,E07000005,Recent,7.0,1839
7.414095744680846,E07000006,Recent,7.0,1128
6.492292089249494,E07000007,Recent,7.0,2465
5.421800947867296,E07000008,Recent,7.0,1266
5.642779156327541,E07000009,Recent,7.0,2015
6.025866495507057,E07000010,Recent,7.0,1558
5.542124375851113,E07000011,Recent,7.0,4406
5.853810384913454,E07000012,Recent,7.0,3871
7.055661375661381,E07000026,Recent,7.0,945
5.95684647302905,E07000027,Recent,7.0,482
6.298161120840632,E07000028,Recent,7.0,1142
6.72608695652174,E07000029,Recent,7.0,621
7.826067073170737,E07000030,Recent,7.0,656
7.004567307692311,E07000031,Recent,7.0,1248
5.819022103148021,E07000032,Recent,7.0,1493
5.131635388739945,E07000033,Recent,7.0,746
5.2211523283346475,E07000034,Recent,7.0,1267
6.80839285714286,E07000035,Recent,7.0,1120
5.516555661274977,E07000036,Recent,7.0,1051
5.903216374269008,E07000037,Recent,7.0,1368
5.724005784526395,E07000038,Recent,7.0,1383
5.287133299022129,E07000039,Recent,7.0,1943
6.047235989325199,E07000040,Recent,7.0,2623
5.019884309472161,E07000041,Recent,7.0,1383
5.858729139922981,E07000042,Recent,7.0,1558
6.023638968481377,E07000043,Recent,7.0,1396
6.355054347826089,E07000044,Recent,7.0,1840
5.642671146577061,E07000045,Recent,7.0,2381
6.200966702470461,E07000046,Recent,7.0,931
6.68800856531049,E07000047,Recent,7.0,934
5.46401151631478,E07000061,Recent,7.0,1042
5.49105322763307,E07000062,Recent,7.0,883
6.139655172413795,E07000063,Recent,7.0,1508
6.4438905775076,E07000064,Recent,7.0,1645
6.26500772797527,E07000065,Recent,7.0,3235
5.568085908063299,E07000066,Recent,7.0,2654
5.755176613885506,E07000067,Recent,7.0,2463
6.5990196078431325,E07000068,Recent,7.0,1530
6.172772630078407,E07000069,Recent,7.0,1403
5.861116031886627,E07000070,Recent,7.0,3387
5.554204993429699,E07000071,Recent,7.0,3044
6.802928870292884,E07000072,Recent,7.0,2390
5.354128440366975,E07000073,Recent,7.0,654
6.370045190445454,E07000074,Recent,7.0,1549
5.891313412091729,E07000075,Recent,7.0,1439
6.438572961373396,E07000076,Recent,7.0,1864
6.425414937759335,E07000077,Recent,7.0,1928
5.395084653194976,E07000078,Recent,7.0,1831
6.290696378830079,E07000079,Recent,7.0,1795
6.198691301000771,E07000080,Recent,7.0,1299
4.620912322274884,E07000081,Recent,7.0,1688
5.808778424114226,E07000082,Recent,7.0,1891
5.281520467836256,E07000083,Recent,7.0,1710
5.573525051882598,E07000084,Recent,7.0,3373
5.917804363124561,E07000085,Recent,7.0,2842
5.04122270742358,E07000086,Recent,7.0,2290
5.139507259128909,E07000087,Recent,7.0,2273
4.699581151832459,E07000088,Recent,7.0,955
5.408670095518005,E07000089,Recent,7.0,2722
5.6934863854778435,E07000090,Recent,7.0,1873
5.6116417910447804,E07000091,Recent,7.0,3350
5.199040139616054,E07000092,Recent,7.0,1146
5.673354908306364,E07000093,Recent,7.0,2781
5.615107142857144,E07000094,Recent,7.0,2800
5.706405693950177,E07000095,Recent,7.0,1124
6.063920454545456,E07000096,Recent,7.0,2464
6.28827278521351,E07000098,Recent,7.0,1569
5.769033232628402,E07000099,Recent,7.0,1986
6.71833041447752,E07000102,Recent,7.0,1713
6.011492890995261,E07000103,Recent,7.0,844
5.390863862505654,E07000105,Recent,7.0,2211
5.216315378610464,E07000106,Recent,7.0,2562
5.309686609686607,E07000107,Recent,7.0,1053
5.789649272882808,E07000108,Recent,7.0,1169
6.028087649402389,E07000109,Recent,7.0,1004
5.658268933539414,E07000110,Recent,7.0,2588
6.517441860465117,E07000111,Recent,7.0,2322
6.040683043738767,E07000112,Recent,7.0,1669
5.145087402049426,E07000113,Recent,7.0,1659
5.995697211155382,E07000114,Recent,7.0,1255
5.272618094475582,E07000115,Recent,7.0,2498
6.459834710743801,E07000116,Recent,7.0,1815
5.933234421364985,E07000117,Recent,7.0,674
5.410459062943681,E07000118,Recent,7.0,2113
6.5994747209455,E07000119,Recent,7.0,1523
5.781657848324515,E07000120,Recent,7.0,567
6.202443609022557,E07000121,Recent,7.0,1596
6.2990679094540605,E07000122,Recent,7.0,751
5.865751022793682,E07000123,Recent,7.0,1711
6.66064013840831,E07000124,Recent,7.0,1156
5.865328874024525,E07000125,Recent,7.0,897
5.358099688473521,E07000126,Recent,7.0,1926
5.900127822752444,E07000127,Recent,7.0,2347
6.107997762863534,E07000128,Recent,7.0,1788
5.49982857142857,E07000129,Recent,7.0,1750
5.545448299553416,E07000130,Recent,7.0,2911
5.981468830059779,E07000131,Recent,7.0,2342
5.71609892673822,E07000132,Recent,7.0,2143
6.161995753715499,E07000133,Recent,7.0,942
5.661845655693472,E07000134,Recent,7.0,1853
5.841658630665378,E07000135,Recent,7.0,1037
6.4345070422535215,E07000136,Recent,7.0,994
7.2999999999999945,E07000137,Recent,7.0,2246
5.202561475409839,E07000138,Recent,7.0,976
5.548823529411766,E07000139,Recent,7.0,2720
6.3536076964190284,E07000140,Recent,7.0,1871
5.805048478769636,E07000141,Recent,7.0,2991
6.064917541229384,E07000142,Recent,7.0,2001
6.201110229976205,E07000143,Recent,7.0,2522
5.823933922397234,E07000144,Recent,7.0,2603
6.295883534136547,E07000145,Recent,7.0,996
6.538727473335786,E07000146,Recent,7.0,2719
6.918395657418571,E07000147,Recent,7.0,1658
5.162839059674503,E07000148,Recent,7.0,1106
6.2719970792259945,E07000149,Recent,7.0,2739
4.659124087591244,E07000150,Recent,7.0,685
6.284948320413441,E07000151,Recent,7.0,1548
5.6015384615384605,E07000152,Recent,7.0,1560
5.559354838709678,E07000153,Recent,7.0,1240
5.451121991024072,E07000154,Recent,7.0,2451
6.01131697546319,E07000155,Recent,7.0,1997
5.461319681456202,E07000156,Recent,7.0,879
6.47448377581121,E07000163,Recent,7.0,678
7.0194174757281536,E07000164,Recent,7.0,1751
6.856808149405766,E07000165,Recent,7.0,2945
7.264860907759881,E07000166,Recent,7.0,683
6.931904761904762,E07000167,Recent,7.0,840
7.04751640112465,E07000168,Recent,7.0,1067
6.32561044860875,E07000169,Recent,7.0,1761
5.32029826014913,E07000170,Recent,7.0,1207
6.0174999999999965,E07000171,Recent,7.0,2160
5.6964333781965015,E07000172,Recent,7.0,1486
6.086859163229227,E07000173,Recent,7.0,1697
5.446695715323166,E07000174,Recent,7.0,1377
5.941053587647592,E07000175,Recent,7.0,2202
6.081399631675872,E07000176,Recent,7.0,2715
5.784126984126984,E07000177,Recent,7.0,2772
5.284066247858367,E07000178,Recent,7.0,1751
6.154396522902042,E07000179,Recent,7.0,2991
5.609010773751233,E07000180,Recent,7.0,3063
5.66710588235294,E07000181,Recent,7.0,2125
5.7406670942912115,E07000187,Recent,7.0,1559
5.775219298245613,E07000188,Recent,7.0,1824
5.908430717863112,E07000189,Recent,7.0,2396
5.52303961196443,E07000192,Recent,7.0,1237
5.798343132014963,E07000193,Recent,7.0,1871
5.927879387048933,E07000194,Recent,7.0,2023
5.92874365482234,E07000195,Recent,7.0,1576
6.16836783822821,E07000196,Recent,7.0,2077
6.032655455612046,E07000197,Recent,7.0,2557
6.388057445200303,E07000198,Recent,7.0,1323
4.861826182618263,E07000199,Recent,7.0,909
6.278137890394811,E07000200,Recent,7.0,1697
5.3442727272727275,E07000202,Recent,7.0,1100
6.375320360702422,E07000203,Recent,7.0,2107
6.6263471177944915,E07000207,Recent,7.0,3192
6.23083383323335,E07000208,Recent,7.0,1667
5.978135164438017,E07000209,Recent,7.0,2767
6.560534591194965,E07000210,Recent,7.0,1908
6.418419003115264,E07000211,Recent,7.0,2568
5.842151344590371,E07000212,Recent,7.0,1599
5.687530966143683,E07000213,Recent,7.0,1211
5.888631346578372,E07000214,Recent,7.0,2718
6.616550522648082,E07000215,Recent,7.0,1722
6.45864719446579,E07000216,Recent,7.0,2602
5.794519927536235,E07000217,Recent,7.0,2208
5.886412395709176,E07000218,Recent,7.0,839
5.274511041009463,E07000219,Recent,7.0,1585
5.422511574074076,E07000220,Recent,7.0,1728
6.259662998624484,E07000221,Recent,7.0,2908
5.791721854304638,E07000222,Recent,7.0,2718
5.830049261083744,E07000223,Recent,7.0,609
6.174569483380051,E07000224,Recent,7.0,2497
6.488023207625362,E07000225,Recent,7.0,2413
4.969144684252598,E07000226,Recent,7.0,1251
5.987711425612706,E07000227,Recent,7.0,2897
5.679258064516133,E07000228,Recent,7.0,3100
6.417667238421954,E07000229,Recent,7.0,1166
6.068359879466208,E07000234,Recent,7.0,2323
6.408115737473538,E07000235,Recent,7.0,1417
5.1478576615831555,E07000236,Recent,7.0,1377
5.07190201729107,E07000237,Recent,7.0,1388
5.8953324378777685,E07000238,Recent,7.0,2978
5.809759450171823,E07000239,Recent,7.0,1455
5.919184430027804,E07000240,Recent,7.0,3237
5.991467938526765,E07000241,Recent,7.0,1887
5.976662950575993,E07000242,Recent,7.0,2691
4.987499999999999,E07000243,Recent,7.0,896
5.810517367014817,E07000244,Recent,7.0,4117
5.999818456883518,E07000245,Recent,7.0,3305
5.816123188405795,E07000246,Recent,7.0,2208
5.762348877374785,E08000001,Recent,7.0,3474
6.076951672862458,E08000002,Recent,7.0,2690
5.433053221288515,E08000003,Recent,7.0,2856
5.655012224938874,E08000004,Recent,7.0,2045
5.7827145708582846,E08000005,Recent,7.0,2505
5.460576428203807,E08000006,Recent,7.0,1943
6.0993495593789415,E08000007,Recent,7.0,4766
5.255966850828731,E08000008,Recent,7.0,1810
6.117520858164481,E08000009,Recent,7.0,3356
5.083922558922559,E08000010,Recent,7.0,3564
4.972240802675587,E08000011,Recent,7.0,1495
5.928420216988625,E08000012,Recent,7.0,3779
5.420453257790372,E08000013,Recent,7.0,1765
6.572666859289221,E08000014,Recent,7.0,3461
6.458769931662865,E08000015,Recent,7.0,3951
5.275262952863268,E08000016,Recent,7.0,2567
5.601092412164157,E08000017,Recent,7.0,3387
5.465728021978021,E08000018,Recent,7.0,2912
5.5969543147208185,E08000019,Recent,7.0,4925
5.753035019455251,E08000021,Recent,7.0,2570
5.625325690463783,E08000022,Recent,7.0,1919
5.8408529741863076,E08000023,Recent,7.0,891
5.456220839813374,E08000024,Recent,7.0,2572
6.120442286947143,E08000025,Recent,7.0,9270
5.421168437025799,E08000026,Recent,7.0,2636
5.701569230769232,E08000027,Recent,7.0,3250
5.218505942275046,E08000028,Recent,7.0,1767
6.122335119157583,E08000029,Recent,7.0,5413
5.780424264979531,E08000030,Recent,7.0,2687
6.376712328767122,E08000031,Recent,7.0,2117
5.94361430395913,E08000032,Recent,7.0,6264
6.148754274548117,E08000033,Recent,7.0,2047
5.649245317330423,E08000034,Recent,7.0,5499
5.936006372809345,E08000035,Recent,7.0,9415
5.414579388693533,E08000036,Recent,7.0,3697
5.483117870722432,E08000037,Recent,7.0,1315
12.049999999999999,E09000001,Recent,7.0,6
5.160513643659713,E09000002,Recent,7.0,623
7.249742990654207,E09000003,Recent,7.0,4280
5.651938851603284,E09000004,Recent,7.0,2682
6.439142461964037,E09000005,Recent,7.0,2169
6.680306469920541,E09000006,Recent,7.0,5286
7.40860805860806,E09000007,Recent,7.0,546
6.580438496583144,E09000008,Recent,7.0,3512
5.856531049250536,E09000009,Recent,7.0,1868
6.354403218596336,E09000010,Recent,7.0,2237
5.516281221091582,E09000011,Recent,7.0,1081
4.8846753246753245,E09000012,Recent,7.0,385
5.949501661129567,E09000013,Recent,7.0,301
6.309302325581393,E09000014,Recent,7.0,774
6.6298588838999315,E09000015,Recent,7.0,3118
6.154218181818183,E09000016,Recent,7.0,2750
6.000187617260785,E09000017,Recent,7.0,3198
5.578145695364242,E09000018,Recent,7.0,1359
4.8885196374622355,E09000019,Recent,7.0,331
7.533527131782944,E09000020,Recent,7.0,516
6.3032018561484895,E09000021,Recent,7.0,2155
5.625229357798166,E09000022,Recent,7.0,654
5.652812858783011,E09000023,Recent,7.0,871
6.110559006211178,E09000024,Recent,7.0,1288
5.056996148908857,E09000025,Recent,7.0,779
6.209596928982729,E09000026,Recent,7.0,2605
6.388703170028823,E09000027,Recent,7.0,1735
4.824966261808368,E09000028,Recent,7.0,741
6.3795856493178364,E09000029,Recent,7.0,1979
4.73937984496124,E09000030,Recent,7.0,645
5.790539165818922,E09000031,Recent,7.0,983
5.833520179372197,E09000032,Recent,7.0,892
7.471707317073172,E09000033,Recent,7.0,615
7.270767716535434,W06000001,Recent,7.0,1016
7.30848427073403,W06000002,Recent,7.0,1049
6.49395498392283,W06000003,Recent,7.0,1555
6.69736842105263,W06000004,Recent,7.0,1292
5.9337831954723566,W06000005,Recent,7.0,2297
5.683509645301805,W06000006,Recent,7.0,1607
7.524088888888886,W06000008,Recent,7.0,1125
6.833587422582182,W06000009,Recent,7.0,2099
6.471327367636089,W06000010,Recent,7.0,2682
5.627228749136144,W06000011,Recent,7.0,2894
5.068877166541068,W06000012,Recent,7.0,1327
5.176358815731328,W06000013,Recent,7.0,2263
5.773819218241039,W06000014,Recent,7.0,2456
5.476412334008552,W06000015,Recent,7.0,4443
4.92509505703422,W06000016,Recent,7.0,2104
4.904986522911048,W06000018,Recent,7.0,1484
5.469631901840491,W06000019,Recent,7.0,326
5.207608695652175,W06000020,Recent,7.0,828
5.623621673003805,W06000021,Recent,7.0,2104
5.1779575328614795,W06000022,Recent,7.0,1978
6.761414048059155,W06000023,Recent,7.0,2164
4.9852607709750565,W06000024,Recent,7.0,441
6.175105485232069,E06000001,Recent,8.0,474
6.720318725099602,E06000002,Recent,8.0,502
6.197207678883072,E06000003,Recent,8.0,573
6.1084464555052795,E06000004,Recent,8.0,1326
6.81218487394958,E06000005,Recent,8.0,476
5.780475382003395,E06000006,Recent,8.0,589
6.299201964395335,E06000007,Recent,8.0,1629
6.783792048929661,E06000008,Recent,8.0,654
8.13004484304933,E06000009,Recent,8.0,446
5.84939024390244,E06000010,Recent,8.0,328
7.118709677419352,E06000011,Recent,8.0,2945
6.661538461538461,E06000012,Recent,8.0,702
6.736632825719119,E06000013,Recent,8.0,1182
5.920030007501875,E06000014,Recent,8.0,1333
5.829574309185956,E06000015,Recent,8.0,1339
6.428691588785046,E06000016,Recent,8.0,1070
7.0455149501661065,E06000017,Recent,8.0,602
6.2965593784683715,E06000018,Recent,8.0,901
7.048045023696679,E06000019,Recent,8.0,1688
6.104464285714287,E06000020,Recent,8.0,1456
5.978978388998036,E06000021,Recent,8.0,509
6.7208236208236185,E06000022,Recent,8.0,1287
6.4708154506437765,E06000023,Recent,8.0,1165
6.240282352941177,E06000024,Recent,8.0,2125
5.880758807588072,E06000025,Recent,8.0,1845
6.021397379912666,E06000026,Recent,8.0,687
6.88446455505279,E06000027,Recent,8.0,663
5.348042468480421,E06000030,Recent,8.0,1507
6.020312499999999,E06000031,Recent,8.0,1536
6.47345971563981,E06000032,Recent,8.0,633
7.956615384615383,E06000033,Recent,8.0,650
5.88343685300207,E06000034,Recent,8.0,483
5.912441968430826,E06000035,Recent,8.0,1077
6.073533950617285,E06000036,Recent,8.0,1296
7.1040899795501025,E06000037,Recent,8.0,1956
6.1460076045627385,E06000038,Recent,8.0,789
5.802745995423339,E06000039,Recent,8.0,437
7.271825613079017,E06000040,Recent,8.0,1835
6.1406908462867,E06000041,Recent,8.0,2895
5.487976291278575,E06000042,Recent,8.0,2362
7.287722772277227,E06000043,Recent,8.0,1010
6.134772182254197,E06000044,Recent,8.0,417
6.004015296367113,E06000045,Recent,8.0,523
6.778720000000001,E06000046,Recent,8.0,625
6.567284482758621,E06000047,Recent,8.0,2320
7.32321005215743,E06000049,Recent,8.0,4218
6.78163485776017,E06000050,Recent,8.0,2777
7.13230337078652,E06000051,Recent,8.0,2848
7.330891089108909,E06000052,Recent,8.0,3030
9.666666666666666,E06000053,Recent,8.0,6
6.647743371787083,E06000054,Recent,8.0,4941
6.322387005649719,E06000055,Recent,8.0,1416
6.271682201509103,E06000056,Recent,8.0,2253
7.468196131354029,E06000057,Recent,8.0,2223
7.084355383872527,E06000058,Recent,8.0,2071
6.854726525450524,E06000059,Recent,8.0,3163
6.525507246376808,E06000060,Recent,8.0,2070
5.759707724425885,E06000061,Recent,8.0,479
6.252454417952318,E06000062,Recent,8.0,713
7.268686868686868,E06000063,Recent,8.0,99
6.9750000000000005,E06000064,Recent,8.0,108
7.221535181236672,E06000065,Recent,8.0,469
5.844864864864864,E06000066,Recent,8.0,370
7.051124744376276,E07000004,Recent,8.0,1467
7.722043010752689,E07000005,Recent,8.0,1302
8.358759521218715,E07000006,Recent,8.0,919
7.247507552870091,E07000007,Recent,8.0,1324
6.34617886178862,E07000008,Recent,8.0,615
6.369280442804431,E07000009,Recent,8.0,1084
6.595801937567279,E07000010,Recent,8.0,929
6.475188303057151,E07000011,Recent,8.0,2257
6.502168473728106,E07000012,Recent,8.0,2398
7.975376884422111,E07000026,Recent,8.0,398
6.736526946107785,E07000027,Recent,8.0,167
7.487586206896553,E07000028,Recent,8.0,435
7.643243243243243,E07000029,Recent,8.0,259
8.275570032573292,E07000030,Recent,8.0,307
7.845503597122303,E07000031,Recent,8.0,556
6.870516717325232,E07000032,Recent,8.0,658
6.040955631399317,E07000033,Recent,8.0,293
5.994999999999997,E07000034,Recent,8.0,400
7.674157303370786,E07000035,Recent,8.0,623
6.402522935779815,E07000036,Recent,8.0,436
6.600859106529213,E07000037,Recent,8.0,582
6.425982905982904,E07000038,Recent,8.0,585
6.161306532663318,E07000039,Recent,8.0,796
6.985714285714284,E07000040,Recent,8.0,1302
5.660799999999999,E07000041,Recent,8.0,500
6.468097281831186,E07000042,Recent,8.0,699
7.33401898734177,E07000043,Recent,8.0,632
7.430457516339869,E07000044,Recent,8.0,765
6.509732988802756,E07000045,Recent,8.0,1161
7.049397590361446,E07000046,Recent,8.0,415
7.459305210918116,E07000047,Recent,8.0,403
6.715789473684209,E07000061,Recent,8.0,361
6.23739376770538,E07000062,Recent,8.0,353
6.869736842105263,E07000063,Recent,8.0,760
7.221935483870969,E07000064,Recent,8.0,930
7.222620446533491,E07000065,Recent,8.0,1702
6.425431425976392,E07000066,Recent,8.0,1101
6.561127596439169,E07000067,Recent,8.0,1348
7.59800469483568,E07000068,Recent,8.0,852
6.932167832167831,E07000069,Recent,8.0,572
6.6128283445326845,E07000070,Recent,8.0,1637
6.456802244039272,E07000071,Recent,8.0,1426
7.98641171684296,E07000072,Recent,8.0,1229
5.922072072072072,E07000073,Recent,8.0,222
7.15234741784038,E07000074,Recent,8.0,852
6.78500797448166,E07000075,Recent,8.0,627
7.137983587338803,E07000076,Recent,8.0,853
7.070180722891562,E07000077,Recent,8.0,1328
6.342892459826949,E07000078,Recent,8.0,809
7.360212201591519,E07000079,Recent,8.0,1131
7.108392857142857,E07000080,Recent,8.0,560
5.082525697503671,E07000081,Recent,8.0,681
6.742526315789475,E07000082,Recent,8.0,950
6.226397146254455,E07000083,Recent,8.0,841
6.370203644158628,E07000084,Recent,8.0,1866
6.654786273329319,E07000085,Recent,8.0,1661
5.844435004248086,E07000086,Recent,8.0,1177
5.6779029462738295,E07000087,Recent,8.0,1154
5.097004608294932,E07000088,Recent,8.0,434
6.114490049751244,E07000089,Recent,8.0,1608
6.262729658792652,E07000090,Recent,8.0,762
6.343014230271667,E07000091,Recent,8.0,1546
5.817685589519653,E07000092,Recent,8.0,458
6.634144736842104,E07000093,Recent,8.0,1520
6.529465370595379,E07000094,Recent,8.0,1646
6.461578044596913,E07000095,Recent,8.0,583
7.051781652767246,E07000096,Recent,8.0,1319
7.523333333333334,E07000098,Recent,8.0,780
6.701325757575759,E07000099,Recent,8.0,1056
7.877514231499054,E07000102,Recent,8.0,1054
6.987041564792175,E07000103,Recent,8.0,409
6.282342954159589,E07000105,Recent,8.0,1178
5.8370141342756146,E07000106,Recent,8.0,1132
6.355415617128462,E07000107,Recent,8.0,397
6.893209876543208,E07000108,Recent,8.0,486
6.836038186157517,E07000109,Recent,8.0,419
6.531501230516817,E07000110,Recent,8.0,1219
7.370781032078106,E07000111,Recent,8.0,1434
6.709988249118684,E07000112,Recent,8.0,851
5.821662125340601,E07000113,Recent,8.0,734
6.513703703703703,E07000114,Recent,8.0,540
6.069241982507283,E07000115,Recent,8.0,1372
7.177293790546798,E07000116,Recent,8.0,1079
6.417110266159696,E07000117,Recent,8.0,263
6.261981566820278,E07000118,Recent,8.0,868
7.453888888888893,E07000119,Recent,8.0,720
7.235204081632654,E07000120,Recent,8.0,196
7.355938037865747,E07000121,Recent,8.0,581
7.374540682414697,E07000122,Recent,8.0,381
7.068169398907103,E07000123,Recent,8.0,732
7.6800000000000015,E07000124,Recent,8.0,640
6.684686774941993,E07000125,Recent,8.0,431
6.0251256281407,E07000126,Recent,8.0,796
7.189332096474955,E07000127,Recent,8.0,1078
7.271357409713576,E07000128,Recent,8.0,803
6.347003994673767,E07000129,Recent,8.0,751
6.369140337986773,E07000130,Recent,8.0,1361
6.6905660377358505,E07000131,Recent,8.0,1272
6.453993933265923,E07000132,Recent,8.0,989
7.061333333333334,E07000133,Recent,8.0,525
6.356487695749441,E07000134,Recent,8.0,894
6.405543237250552,E07000135,Recent,8.0,451
7.070275590551181,E07000136,Recent,8.0,508
7.971729587357329,E07000137,Recent,8.0,1139
5.831182795698926,E07000138,Recent,8.0,372
6.502271006813018,E07000139,Recent,8.0,1321
7.14023354564756,E07000140,Recent,8.0,942
6.738898163606013,E07000141,Recent,8.0,1797
6.9116953762466045,E07000142,Recent,8.0,1103
7.243350604490503,E07000143,Recent,8.0,1158
6.791428571428574,E07000144,Recent,8.0,1190
7.552956989247312,E07000145,Recent,8.0,372
7.676512738853507,E07000146,Recent,8.0,1256
8.130464480874316,E07000147,Recent,8.0,732
5.835189309576839,E07000148,Recent,8.0,449
7.0653201219512205,E07000149,Recent,8.0,1312
5.322764227642277,E07000150,Recent,8.0,246
7.314609286523213,E07000151,Recent,8.0,883
6.297926829268292,E07000152,Recent,8.0,820
6.170845921450156,E07000153,Recent,8.0,662
6.072687609075047,E07000154,Recent,8.0,1146
6.83414195867026,E07000155,Recent,8.0,1113
6.51484375,E07000156,Recent,8.0,384
7.558990536277599,E07000163,Recent,8.0,317
7.95858585858586,E07000164,Recent,8.0,990
7.989319092122828,E07000165,Recent,8.0,1498
8.780691642651298,E07000166,Recent,8.0,347
8.321763085399452,E07000167,Recent,8.0,363
8.246966292134832,E07000168,Recent,8.0,445
7.059753363228698,E07000169,Recent,8.0,892
5.999752475247524,E07000170,Recent,8.0,404
6.85058572949947,E07000171,Recent,8.0,939
6.5263793103448275,E07000172,Recent,8.0,580
6.903622250970245,E07000173,Recent,8.0,773
6.0507070707070705,E07000174,Recent,8.0,495
6.71908580593424,E07000175,Recent,8.0,1247
7.03438140806562,E07000176,Recent,8.0,1463
6.780390738060778,E07000177,Recent,8.0,1382
6.16565656565657,E07000178,Recent,8.0,693
7.155946601941751,E07000179,Recent,8.0,1648
6.512847838957963,E07000180,Recent,8.0,1689
6.548782535684299,E07000181,Recent,8.0,1191
6.522633136094676,E07000187,Recent,8.0,676
6.559456398640997,E07000188,Recent,8.0,883
7.04463276836158,E07000189,Recent,8.0,1062
6.1438202247191,E07000192,Recent,8.0,445
6.901614763552478,E07000193,Recent,8.0,867
6.990378289473687,E07000194,Recent,8.0,1216
7.074895977808599,E07000195,Recent,8.0,721
7.16050605060506,E07000196,Recent,8.0,909
6.953943789664551,E07000197,Recent,8.0,1103
7.240590405904058,E07000198,Recent,8.0,542
5.357943925233647,E07000199,Recent,8.0,321
7.108333333333334,E07000200,Recent,8.0,828
6.040865384615385,E07000202,Recent,8.0,416
7.26313522825151,E07000203,Recent,8.0,1161
7.6898275099513524,E07000207,Recent,8.0,2261
7.06990553306343,E07000208,Recent,8.0,741
6.89156545209177,E07000209,Recent,8.0,1482
7.47082294264339,E07000210,Recent,8.0,1203
7.237007348029391,E07000211,Recent,8.0,1497
6.8831661092530645,E07000212,Recent,8.0,897
6.319535783365569,E07000213,Recent,8.0,517
6.5292407108239106,E07000214,Recent,8.0,1857
7.382854311199207,E07000215,Recent,8.0,1009
7.289671931956257,E07000216,Recent,8.0,1646
6.542553191489363,E07000217,Recent,8.0,1410
6.937894736842105,E07000218,Recent,8.0,380
5.892138939670933,E07000219,Recent,8.0,547
5.983610188261354,E07000220,Recent,8.0,903
7.338075313807537,E07000221,Recent,8.0,1673
6.695470383275259,E07000222,Recent,8.0,1435
6.728342245989305,E07000223,Recent,8.0,187
7.0651277823577985,E07000224,Recent,8.0,1213
7.369767441860465,E07000225,Recent,8.0,1290
5.761411764705883,E07000226,Recent,8.0,425
6.916823014383987,E07000227,Recent,8.0,1599
6.5795286195286184,E07000228,Recent,8.0,1485
7.430079681274899,E07000229,Recent,8.0,502
7.199394987035442,E07000234,Recent,8.0,1157
7.399999999999998,E07000235,Recent,8.0,790
5.768840579710144,E07000236,Recent,8.0,552
5.736708860759496,E07000237,Recent,8.0,553
6.850795671546786,E07000238,Recent,8.0,1571
7.051696284329564,E07000239,Recent,8.0,619
6.652559163456251,E07000240,Recent,8.0,1817
6.713431269674709,E07000241,Recent,8.0,953
6.915029663810148,E07000242,Recent,8.0,1517
5.715384615384616,E07000243,Recent,8.0,286
6.484952978056429,E07000244,Recent,8.0,1914
6.7773316862260655,E07000245,Recent,8.0,1619
6.629023255813958,E07000246,Recent,8.0,1075
6.651292246520882,E08000001,Recent,8.0,1509
6.977416440831073,E08000002,Recent,8.0,1107
6.22877155172414,E08000003,Recent,8.0,928
6.415774240231551,E08000004,Recent,8.0,691
6.9813093980992615,E08000005,Recent,8.0,947
6.4665853658536605,E08000006,Recent,8.0,820
6.9100638193421675,E08000007,Recent,8.0,2037
6.189405204460966,E08000008,Recent,8.0,538
7.1199473337722194,E08000009,Recent,8.0,1519
5.79797242497972,E08000010,Recent,8.0,1233
5.970379746835443,E08000011,Recent,8.0,395
7.056794141578515,E08000012,Recent,8.0,1229
6.5472222222222225,E08000013,Recent,8.0,648
7.606608569353667,E08000014,Recent,8.0,1377
7.291116751269038,E08000015,Recent,8.0,1576
6.290251916757944,E08000016,Recent,8.0,913
6.460826909600559,E08000017,Recent,8.0,1427
6.341011743450764,E08000018,Recent,8.0,1107
6.528103946102024,E08000019,Recent,8.0,2078
6.5294230769230746,E08000021,Recent,8.0,1040
6.221417565485359,E08000022,Recent,8.0,649
6.196198830409355,E08000023,Recent,8.0,342
6.253456790123457,E08000024,Recent,8.0,810
7.054256125284164,E08000025,Recent,8.0,3959
6.343732327992457,E08000026,Recent,8.0,1061
6.485041551246537,E08000027,Recent,8.0,1083
5.613947368421053,E08000028,Recent,8.0,760
6.949061032863845,E08000029,Recent,8.0,2556
6.670648148148149,E08000030,Recent,8.0,1080
7.619246298788693,E08000031,Recent,8.0,743
6.864233308877477,E08000032,Recent,8.0,2726
6.810554951033731,E08000033,Recent,8.0,919
6.556752537080406,E08000034,Recent,8.0,2562
6.918316582914573,E08000035,Recent,8.0,3980
6.353846153846153,E08000036,Recent,8.0,1326
6.158024691358026,E08000037,Recent,8.0,486
12.700000000000001,E09000001,Recent,8.0,3
5.932420091324201,E09000002,Recent,8.0,219
8.574891209747605,E09000003,Recent,8.0,2298
6.132290362953692,E09000004,Recent,8.0,799
7.460433070866143,E09000005,Recent,8.0,1016
7.709633911368022,E09000006,Recent,8.0,2595
8.983629893238433,E09000007,Recent,8.0,281
7.473775773195876,E09000008,Recent,8.0,1552
6.765596919127086,E09000009,Recent,8.0,779
7.566168009205982,E09000010,Recent,8.0,869
7.055960264900661,E09000011,Recent,8.0,302
5.694531249999999,E09000012,Recent,8.0,128
6.8748148148148145,E09000013,Recent,8.0,135
8.040759493670885,E09000014,Recent,8.0,395
7.352013888888887,E09000015,Recent,8.0,1440
7.09792924935289,E09000016,Recent,8.0,1159
6.74195700518903,E09000017,Recent,8.0,1349
6.14752475247525,E09000018,Recent,8.0,606
6.185135135135136,E09000019,Recent,8.0,74
9.033858267716534,E09000020,Recent,8.0,254
7.077329192546581,E09000021,Recent,8.0,966
7.107106598984771,E09000022,Recent,8.0,197
6.885714285714285,E09000023,Recent,8.0,252
7.504432624113475,E09000024,Recent,8.0,564
5.271861471861472,E09000025,Recent,8.0,231
6.884027187765505,E09000026,Recent,8.0,1177
7.654306722689077,E09000027,Recent,8.0,952
6.760633484162896,E09000028,Recent,8.0,221
7.855232558139532,E09000029,Recent,8.0,860
4.690967741935485,E09000030,Recent,8.0,155
6.145535714285715,E09000031,Recent,8.0,336
7.240845070422536,E09000032,Recent,8.0,355
9.084266666666668,E09000033,Recent,8.0,375
8.226190476190478,W06000001,Recent,8.0,420
8.11641414141414,W06000002,Recent,8.0,396
7.297730956239868,W06000003,Recent,8.0,617
7.526078799249529,W06000004,Recent,8.0,533
6.679689119170984,W06000005,Recent,8.0,965
7.051673944687044,W06000006,Recent,8.0,687
8.3875486381323,W06000008,Recent,8.0,514
7.649672489082965,W06000009,Recent,8.0,916
7.524626865671647,W06000010,Recent,8.0,1340
6.5194103194103175,W06000011,Recent,8.0,1221
5.724865831842575,W06000012,Recent,8.0,559
6.021988527724665,W06000013,Recent,8.0,1046
6.6867684478371485,W06000014,Recent,8.0,1179
6.09050279329609,W06000015,Recent,8.0,1969
5.630627306273062,W06000016,Recent,8.0,813
5.757548845470692,W06000018,Recent,8.0,563
5.749557522123895,W06000019,Recent,8.0,113
5.679291553133515,W06000020,Recent,8.0,367
6.56918505942275,W06000021,Recent,8.0,1178
5.9546045503791944,W06000022,Recent,8.0,923
7.611753183153773,W06000023,Recent,8.0,1021
5.971428571428573,W06000024,Recent,8.0,196
7.437305699481866,E06000001,Recent,9.0,193
7.434659090909091,E06000002,Recent,9.0,176
7.835675675675676,E06000003,Recent,9.0,185
6.980033840947548,E06000004,Recent,9.0,591
8.044086021505377,E06000005,Recent,9.0,186
6.624712643678163,E06000006,Recent,9.0,174
7.086404833836858,E06000007,Recent,9.0,662
8.596330275229358,E06000008,Recent,9.0,218
9.593142857142855,E06000009,Recent,9.0,175
5.715873015873016,E06000010,Recent,9.0,126
8.192260869565215,E06000011,Recent,9.0,1150
8.316666666666666,E06000012,Recent,9.0,186
7.998169336384441,E06000013,Recent,9.0,437
6.8068273092369465,E06000014,Recent,9.0,498
6.932532751091702,E06000015,Recent,9.0,458
7.398347107438016,E06000016,Recent,9.0,363
8.18007246376812,E06000017,Recent,9.0,276
7.873539518900345,E06000018,Recent,9.0,291
8.147496206373294,E06000019,Recent,9.0,659
6.984426229508194,E06000020,Recent,9.0,488
6.688636363636364,E06000021,Recent,9.0,132
7.944339622641511,E06000022,Recent,9.0,424
7.605645161290321,E06000023,Recent,9.0,372
7.523684210526314,E06000024,Recent,9.0,684
6.695026642984016,E06000025,Recent,9.0,563
6.50409836065574,E06000026,Recent,9.0,244
7.506049822064056,E06000027,Recent,9.0,281
6.263721804511277,E06000030,Recent,9.0,532
7.062062937062937,E06000031,Recent,9.0,572
7.316753926701571,E06000032,Recent,9.0,191
9.175769230769232,E06000033,Recent,9.0,260
6.71917808219178,E06000034,Recent,9.0,146
6.613784461152881,E06000035,Recent,9.0,399
7.273641851106638,E06000036,Recent,9.0,497
8.269797979797978,E06000037,Recent,9.0,990
7.319692307692306,E06000038,Recent,9.0,325
6.606578947368421,E06000039,Recent,9.0,152
8.533027522935777,E06000040,Recent,9.0,1090
6.984777517564403,E06000041,Recent,9.0,1281
6.567669902912622,E06000042,Recent,9.0,1030
7.954279749478078,E06000043,Recent,9.0,479
7.65593220338983,E06000044,Recent,9.0,118
6.696969696969697,E06000045,Recent,9.0,198
8.080246913580245,E06000046,Recent,9.0,243
7.793074119076546,E06000047,Recent,9.0,823
8.501210526315791,E06000049,Recent,9.0,1900
7.825297297297298,E06000050,Recent,9.0,925
8.173377862595418,E06000051,Recent,9.0,1048
8.551579846285225,E06000052,Recent,9.0,1171
6.949999999999999,E06000053,Recent,9.0,2
7.715237603305787,E06000054,Recent,9.0,1936
7.47912912912913,E06000055,Recent,9.0,666
7.457619577308119,E06000056,Recent,9.0,899
8.947183846971306,E06000057,Recent,9.0,941
8.24036939313984,E06000058,Recent,9.0,758
7.947882454624032,E06000059,Recent,9.0,1157
7.62930711610487,E06000060,Recent,9.0,1068
7.054143646408839,E06000061,Recent,9.0,181
7.296727272727273,E06000062,Recent,9.0,275
7.85945945945946,E06000063,Recent,9.0,37
8.420930232558138,E06000064,Recent,9.0,43
8.523232323232328,E06000065,Recent,9.0,198
6.499082568807343,E06000066,Recent,9.0,109
7.949164345403897,E07000004,Recent,9.0,718
8.690971272229826,E07000005,Recent,9.0,731
9.449313186813187,E07000006,Recent,9.0,728
8.738677685950414,E07000007,Recent,9.0,605
7.392125984251968,E07000008,Recent,9.0,254
7.15529157667387,E07000009,Recent,9.0,463
7.507407407407406,E07000010,Recent,9.0,351
7.801396973224678,E07000011,Recent,9.0,859
7.580633147113588,E07000012,Recent,9.0,1074
9.197857142857142,E07000026,Recent,9.0,140
7.887499999999998,E07000027,Recent,9.0,48
8.760839160839161,E07000028,Recent,9.0,143
8.297530864197533,E07000029,Recent,9.0,81
10.53939393939394,E07000030,Recent,9.0,99
9.677948717948718,E07000031,Recent,9.0,195
7.852727272727274,E07000032,Recent,9.0,220
6.5769230769230775,E07000033,Recent,9.0,130
6.672566371681417,E07000034,Recent,9.0,113
9.198837209302326,E07000035,Recent,9.0,258
6.8395348837209315,E07000036,Recent,9.0,129
7.863583815028903,E07000037,Recent,9.0,173
7.833490566037737,E07000038,Recent,9.0,212
7.37673469387755,E07000039,Recent,9.0,245
7.981076066790349,E07000040,Recent,9.0,539
6.98888888888889,E07000041,Recent,9.0,144
7.95,E07000042,Recent,9.0,240
7.870247933884298,E07000043,Recent,9.0,242
8.313099041533546,E07000044,Recent,9.0,313
8.14776470588235,E07000045,Recent,9.0,425
8.540490797546012,E07000046,Recent,9.0,163
9.24556962025316,E07000047,Recent,9.0,158
7.8549999999999995,E07000061,Recent,9.0,120
6.910937499999999,E07000062,Recent,9.0,128
8.22360655737705,E07000063,Recent,9.0,305
8.344628099173555,E07000064,Recent,9.0,363
8.259953703703703,E07000065,Recent,9.0,864
7.3665060240963856,E07000066,Recent,9.0,415
7.853308823529413,E07000067,Recent,9.0,544
8.557985257985258,E07000068,Recent,9.0,407
7.612135922330097,E07000069,Recent,9.0,206
7.7884036144578275,E07000070,Recent,9.0,664
7.513913043478266,E07000071,Recent,9.0,575
9.309982788296043,E07000072,Recent,9.0,581
6.596226415094341,E07000073,Recent,9.0,53
8.339841688654356,E07000074,Recent,9.0,379
7.7198198198198185,E07000075,Recent,9.0,222
8.586941580756015,E07000076,Recent,9.0,291
8.579180327868855,E07000077,Recent,9.0,610
7.451006711409395,E07000078,Recent,9.0,298
8.591102514506773,E07000079,Recent,9.0,517
8.537104072398192,E07000080,Recent,9.0,221
5.666990291262137,E07000081,Recent,9.0,206
7.945098039215686,E07000082,Recent,9.0,357
7.304334365325075,E07000083,Recent,9.0,323
7.448477157360408,E07000084,Recent,9.0,788
7.570566502463053,E07000085,Recent,9.0,812
6.833957845433256,E07000086,Recent,9.0,427
6.615333333333332,E07000087,Recent,9.0,450
5.840310077519381,E07000088,Recent,9.0,129
7.163580998781979,E07000089,Recent,9.0,821
6.86,E07000090,Recent,9.0,240
7.722349102773242,E07000091,Recent,9.0,613
6.8641025641025655,E07000092,Recent,9.0,156
7.679817905918059,E07000093,Recent,9.0,659
7.665806451612904,E07000094,Recent,9.0,775
7.499586776859504,E07000095,Recent,9.0,242
8.211267605633802,E07000096,Recent,9.0,639
8.373095238095237,E07000098,Recent,9.0,420
7.794769874476991,E07000099,Recent,9.0,478
9.21028571428571,E07000102,Recent,9.0,525
7.9868571428571435,E07000103,Recent,9.0,175
6.808379888268155,E07000105,Recent,9.0,537
6.818526315789473,E07000106,Recent,9.0,475
6.88125,E07000107,Recent,9.0,176
7.913829787234042,E07000108,Recent,9.0,188
7.51796875,E07000109,Recent,9.0,128
7.526180257510726,E07000110,Recent,9.0,466
8.387037037037034,E07000111,Recent,9.0,756
7.783544303797468,E07000112,Recent,9.0,316
6.78068535825545,E07000113,Recent,9.0,321
7.968750000000003,E07000114,Recent,9.0,192
7.1815503875969,E07000115,Recent,9.0,645
8.070777027027026,E07000116,Recent,9.0,592
6.954878048780487,E07000117,Recent,9.0,82
7.430798479087453,E07000118,Recent,9.0,263
8.64152823920266,E07000119,Recent,9.0,301
7.492727272727273,E07000120,Recent,9.0,55
8.368584070796459,E07000121,Recent,9.0,226
8.057352941176472,E07000122,Recent,9.0,136
7.349266862170087,E07000123,Recent,9.0,341
8.696296296296296,E07000124,Recent,9.0,324
8.182857142857143,E07000125,Recent,9.0,140
7.472244897959185,E07000126,Recent,9.0,245
8.121683673469388,E07000127,Recent,9.0,392
7.7849498327759195,E07000128,Recent,9.0,299
7.597131147540982,E07000129,Recent,9.0,244
7.568836291913215,E07000130,Recent,9.0,507
7.457197696737042,E07000131,Recent,9.0,521
7.912290502793297,E07000132,Recent,9.0,358
7.905069124423964,E07000133,Recent,9.0,217
7.428740157480317,E07000134,Recent,9.0,254
8.1078125,E07000135,Recent,9.0,192
8.598994974874373,E07000136,Recent,9.0,199
9.410838445807773,E07000137,Recent,9.0,489
6.2809523809523835,E07000138,Recent,9.0,105
7.494680851063832,E07000139,Recent,9.0,564
7.857804878048781,E07000140,Recent,9.0,410
7.82804532577904,E07000141,Recent,9.0,706
8.051244813278009,E07000142,Recent,9.0,482
7.961377870563674,E07000143,Recent,9.0,479
8.114999999999997,E07000144,Recent,9.0,440
8.297560975609757,E07000145,Recent,9.0,123
8.821014492753624,E07000146,Recent,9.0,552
9.5177304964539,E07000147,Recent,9.0,282
6.705590062111801,E07000148,Recent,9.0,161
8.492768595041325,E07000149,Recent,9.0,484
6.930882352941177,E07000150,Recent,9.0,68
8.495607235142119,E07000151,Recent,9.0,387
7.912251655629137,E07000152,Recent,9.0,302
7.406698564593298,E07000153,Recent,9.0,209
7.238676844783716,E07000154,Recent,9.0,393
8.07075,E07000155,Recent,9.0,400
7.127672955974843,E07000156,Recent,9.0,159
9.89274193548387,E07000163,Recent,9.0,124
9.160526315789475,E07000164,Recent,9.0,418
8.825856697819315,E07000165,Recent,9.0,642
10.067826086956522,E07000166,Recent,9.0,115
9.852439024390245,E07000167,Recent,9.0,164
9.04240506329114,E07000168,Recent,9.0,158
8.457522123893806,E07000169,Recent,9.0,339
7.336879432624113,E07000170,Recent,9.0,141
7.559335038363173,E07000171,Recent,9.0,391
7.3269607843137265,E07000172,Recent,9.0,204
8.252960526315789,E07000173,Recent,9.0,304
7.168345323741008,E07000174,Recent,9.0,139
7.620689655172414,E07000175,Recent,9.0,580
7.773409461663948,E07000176,Recent,9.0,613
7.598696461824955,E07000177,Recent,9.0,537
6.89016393442623,E07000178,Recent,9.0,244
8.441095890410958,E07000179,Recent,9.0,730
7.823605150214592,E07000180,Recent,9.0,699
7.518989898989901,E07000181,Recent,9.0,495
7.88262295081967,E07000187,Recent,9.0,305
7.699250936329587,E07000188,Recent,9.0,267
8.016666666666667,E07000189,Recent,9.0,378
7.570642201834863,E07000192,Recent,9.0,109
7.716724738675958,E07000193,Recent,9.0,287
8.085082872928176,E07000194,Recent,9.0,543
8.426294820717132,E07000195,Recent,9.0,251
8.532884097035042,E07000196,Recent,9.0,371
7.931494252873563,E07000197,Recent,9.0,435
8.489893617021275,E07000198,Recent,9.0,188
6.339393939393939,E07000199,Recent,9.0,66
8.569501466275659,E07000200,Recent,9.0,341
6.9765151515151524,E07000202,Recent,9.0,132
8.635362997658081,E07000203,Recent,9.0,427
8.842814902424601,E07000207,Recent,9.0,1691
8.05301587301587,E07000208,Recent,9.0,315
7.981920199501247,E07000209,Recent,9.0,802
8.136893203883494,E07000210,Recent,9.0,721
13.023803967327893,E07000211,Recent,9.0,857
8.128934010152285,E07000212,Recent,9.0,394
6.937037037037037,E07000213,Recent,9.0,162
7.333514099783084,E07000214,Recent,9.0,922
8.5719387755102,E07000215,Recent,9.0,588
8.411744966442948,E07000216,Recent,9.0,894
7.478857837181043,E07000217,Recent,9.0,823
9.49310344827586,E07000218,Recent,9.0,145
6.4,E07000219,Recent,9.0,180
6.814402173913041,E07000220,Recent,9.0,368
8.946432889963727,E07000221,Recent,9.0,827
8.002384737678856,E07000222,Recent,9.0,629
7.831372549019607,E07000223,Recent,9.0,51
8.318323586744638,E07000224,Recent,9.0,513
8.763350785340313,E07000225,Recent,9.0,573
6.413953488372092,E07000226,Recent,9.0,129
7.9045454545454525,E07000227,Recent,9.0,880
7.82351945854484,E07000228,Recent,9.0,591
8.70108108108108,E07000229,Recent,9.0,185
8.206049149338375,E07000234,Recent,9.0,529
8.572274143302181,E07000235,Recent,9.0,321
6.4576271186440675,E07000236,Recent,9.0,177
6.671098265895956,E07000237,Recent,9.0,173
7.99701986754967,E07000238,Recent,9.0,604
8.377056277056276,E07000239,Recent,9.0,231
7.899640287769783,E07000240,Recent,9.0,834
8.024034334763948,E07000241,Recent,9.0,466
8.062141779788837,E07000242,Recent,9.0,663
6.622988505747128,E07000243,Recent,9.0,87
7.606955380577427,E07000244,Recent,9.0,762
8.367098865478118,E07000245,Recent,9.0,617
7.682608695652173,E07000246,Recent,9.0,368
7.852994555353902,E08000001,Recent,9.0,551
7.992705882352939,E08000002,Recent,9.0,425
6.828992628992629,E08000003,Recent,9.0,407
7.580454545454544,E08000004,Recent,9.0,220
7.861764705882352,E08000005,Recent,9.0,340
8.013059701492534,E08000006,Recent,9.0,268
8.158523489932879,E08000007,Recent,9.0,745
6.96231884057971,E08000008,Recent,9.0,138
8.940988835725674,E08000009,Recent,9.0,627
6.565217391304348,E08000010,Recent,9.0,322
6.870967741935485,E08000011,Recent,9.0,93
8.450256410256411,E08000012,Recent,9.0,390
7.242718446601942,E08000013,Recent,9.0,206
9.07827868852459,E08000014,Recent,9.0,488
8.636159169550172,E08000015,Recent,9.0,578
7.369262295081968,E08000016,Recent,9.0,244
7.374368932038833,E08000017,Recent,9.0,515
8.160317460317462,E08000018,Recent,9.0,378
7.312688442211055,E08000019,Recent,9.0,796
7.682338308457713,E08000021,Recent,9.0,402
7.887581699346405,E08000022,Recent,9.0,153
6.813559322033898,E08000023,Recent,9.0,118
7.024561403508771,E08000024,Recent,9.0,342
8.057348138471585,E08000025,Recent,9.0,1531
7.192325581395347,E08000026,Recent,9.0,430
7.60668789808917,E08000027,Recent,9.0,314
6.217256637168141,E08000028,Recent,9.0,226
7.752823315118396,E08000029,Recent,9.0,1098
7.558333333333332,E08000030,Recent,9.0,360
8.497333333333332,E08000031,Recent,9.0,225
7.914772727272726,E08000032,Recent,9.0,1056
7.792351274787535,E08000033,Recent,9.0,353
7.223522975929981,E08000034,Recent,9.0,914
8.173216601815826,E08000035,Recent,9.0,1542
7.328017241379311,E08000036,Recent,9.0,464
7.331360946745562,E08000037,Recent,9.0,169
7.032098765432098,E09000002,Recent,9.0,81
9.664297945205483,E09000003,Recent,9.0,1168
6.891818181818182,E09000004,Recent,9.0,220
8.522597402597404,E09000005,Recent,9.0,385
8.572329246935208,E09000006,Recent,9.0,1142
12.613138686131386,E09000007,Recent,9.0,137
8.275242718446602,E09000008,Recent,9.0,618
8.090526315789475,E09000009,Recent,9.0,285
8.819592875318067,E09000010,Recent,9.0,393
8.407142857142857,E09000011,Recent,9.0,112
7.245454545454545,E09000012,Recent,9.0,33
7.86888888888889,E09000013,Recent,9.0,45
9.560122699386508,E09000014,Recent,9.0,163
8.329711375212225,E09000015,Recent,9.0,589
8.074744897959182,E09000016,Recent,9.0,392
8.035412474849096,E09000017,Recent,9.0,497
6.970443349753693,E09000018,Recent,9.0,203
6.557142857142857,E09000019,Recent,9.0,21
11.116030534351143,E09000020,Recent,9.0,131
8.28543956043956,E09000021,Recent,9.0,364
9.078048780487805,E09000022,Recent,9.0,82
7.869444444444446,E09000023,Recent,9.0,72
9.101136363636364,E09000024,Recent,9.0,264
5.401333333333333,E09000025,Recent,9.0,75
7.3177419354838715,E09000026,Recent,9.0,434
8.44921348314607,E09000027,Recent,9.0,445
8.998230088495575,E09000028,Recent,9.0,113
8.477402597402596,E09000029,Recent,9.0,385
6.595652173913043,E09000030,Recent,9.0,23
6.636633663366338,E09000031,Recent,9.0,101
8.887931034482756,E09000032,Recent,9.0,174
11.564467005076141,E09000033,Recent,9.0,197
9.22950819672131,W06000001,Recent,9.0,122
9.414814814814815,W06000002,Recent,9.0,135
9.043317972350232,W06000003,Recent,9.0,217
9.048333333333332,W06000004,Recent,9.0,180
8.092592592592593,W06000005,Recent,9.0,324
8.203587443946189,W06000006,Recent,9.0,223
8.536956521739132,W06000008,Recent,9.0,184
8.379012345679012,W06000009,Recent,9.0,405
8.306425702811245,W06000010,Recent,9.0,498
7.741705069124421,W06000011,Recent,9.0,434
7.234554973821989,W06000012,Recent,9.0,191
6.782890855457226,W06000013,Recent,9.0,339
7.9559633027522905,W06000014,Recent,9.0,545
7.448219178082192,W06000015,Recent,9.0,730
6.360759493670886,W06000016,Recent,9.0,237
7.190853658536585,W06000018,Recent,9.0,164
6.7586956521739125,W06000019,Recent,9.0,46
7.021818181818182,W06000020,Recent,9.0,110
7.684861407249467,W06000021,Recent,9.0,469
7.112111801242233,W06000022,Recent,9.0,322
8.688471849865952,W06000023,Recent,9.0,373
6.663934426229508,W06000024,Recent,9.0,61
8.985792349726776,E06000001,Recent,10.0,183
9.299056603773584,E06000002,Recent,10.0,106
9.08904109589041,E06000003,Recent,10.0,73
9.11714285714286,E06000004,Recent,10.0,420
12.389361702127658,E06000005,Recent,10.0,94
10.088461538461539,E06000006,Recent,10.0,78
9.162499999999998,E06000007,Recent,10.0,280
9.885975609756098,E06000008,Recent,10.0,164
11.983916083916085,E06000009,Recent,10.0,143
12.531666666666665,E06000010,Recent,10.0,60
11.619087136929462,E06000011,Recent,10.0,723
11.981456953642384,E06000012,Recent,10.0,151
9.74698795180723,E06000013,Recent,10.0,249
9.401067615658365,E06000014,Recent,10.0,281
8.283406113537119,E06000015,Recent,10.0,229
8.432795698924734,E06000016,Recent,10.0,186
11.030102040816324,E06000017,Recent,10.0,196
9.917391304347825,E06000018,Recent,10.0,138
10.984126984126984,E06000019,Recent,10.0,378
8.556692913385826,E06000020,Recent,10.0,254
11.784415584415582,E06000021,Recent,10.0,77
9.658964143426294,E06000022,Recent,10.0,251
8.927358490566037,E06000023,Recent,10.0,212
9.83864406779661,E06000024,Recent,10.0,295
8.890243902439025,E06000025,Recent,10.0,205
9.167272727272726,E06000026,Recent,10.0,110
10.225490196078432,E06000027,Recent,10.0,153
8.287619047619048,E06000030,Recent,10.0,210
9.399668874172187,E06000031,Recent,10.0,302
8.568686868686868,E06000032,Recent,10.0,99
11.820689655172412,E06000033,Recent,10.0,116
9.041772151898734,E06000034,Recent,10.0,79
7.858461538461539,E06000035,Recent,10.0,195
9.912416107382548,E06000036,Recent,10.0,298
10.926080892608091,E06000037,Recent,10.0,717
9.030769230769229,E06000038,Recent,10.0,169
7.682178217821783,E06000039,Recent,10.0,101
11.353305439330544,E06000040,Recent,10.0,1195
9.06530324400564,E06000041,Recent,10.0,709
8.272245762711865,E06000042,Recent,10.0,472
10.981007751937984,E06000043,Recent,10.0,258
8.914814814814815,E06000044,Recent,10.0,54
8.964383561643837,E06000045,Recent,10.0,146
9.865806451612904,E06000046,Recent,10.0,155
10.443228200371058,E06000047,Recent,10.0,539
11.69969135802469,E06000049,Recent,10.0,1296
11.359807073954979,E06000050,Recent,10.0,622
11.428810975609752,E06000051,Recent,10.0,656
10.517638888888888,E06000052,Recent,10.0,720
8.674999999999999,E06000053,Recent,10.0,4
10.594066317626524,E06000054,Recent,10.0,1146
9.857103825136614,E06000055,Recent,10.0,366
10.791098484848487,E06000056,Recent,10.0,528
11.715481832543446,E06000057,Recent,10.0,633
10.818097014925373,E06000058,Recent,10.0,536
10.604734576757533,E06000059,Recent,10.0,697
9.945669291338586,E06000060,Recent,10.0,1016
8.651612903225807,E06000061,Recent,10.0,93
9.60828025477707,E06000062,Recent,10.0,157
6.10769230769231,E06000063,Recent,10.0,39
13.884615384615385,E06000064,Recent,10.0,26
12.107534246575344,E06000065,Recent,10.0,146
9.549473684210525,E06000066,Recent,10.0,95
10.154187192118226,E07000004,Recent,10.0,406
10.947142857142854,E07000005,Recent,10.0,630
11.864428739693752,E07000006,Recent,10.0,849
12.138957816377172,E07000007,Recent,10.0,403
9.01846153846154,E07000008,Recent,10.0,195
9.889915966386555,E07000009,Recent,10.0,238
9.592703862660946,E07000010,Recent,10.0,233
10.327676767676767,E07000011,Recent,10.0,495
9.56200317965024,E07000012,Recent,10.0,629
11.545588235294119,E07000026,Recent,10.0,68
14.255,E07000027,Recent,10.0,20
10.590291262135919,E07000028,Recent,10.0,103
9.554545454545456,E07000029,Recent,10.0,44
11.236923076923077,E07000030,Recent,10.0,65
10.946491228070176,E07000031,Recent,10.0,114
10.245864661654137,E07000032,Recent,10.0,133
9.015094339622642,E07000033,Recent,10.0,53
8.486666666666666,E07000034,Recent,10.0,60
11.251282051282052,E07000035,Recent,10.0,156
8.535,E07000036,Recent,10.0,80
10.677173913043479,E07000037,Recent,10.0,92
10.721259842519686,E07000038,Recent,10.0,127
10.731292517006803,E07000039,Recent,10.0,147
10.521341463414636,E07000040,Recent,10.0,328
9.103409090909091,E07000041,Recent,10.0,88
10.17304964539007,E07000042,Recent,10.0,141
11.678947368421053,E07000043,Recent,10.0,133
10.738392857142856,E07000044,Recent,10.0,224
10.645454545454546,E07000045,Recent,10.0,264
11.469014084507041,E07000046,Recent,10.0,71
11.206930693069305,E07000047,Recent,10.0,101
11.037974683544302,E07000061,Recent,10.0,79
9.835820895522389,E07000062,Recent,10.0,67
12.100574712643677,E07000063,Recent,10.0,174
10.354761904761903,E07000064,Recent,10.0,252
11.053067484662577,E07000065,Recent,10.0,652
9.2,E07000066,Recent,10.0,214
10.276734693877554,E07000067,Recent,10.0,245
10.88066914498141,E07000068,Recent,10.0,269
10.097560975609753,E07000069,Recent,10.0,82
10.124722222222223,E07000070,Recent,10.0,360
10.301863354037268,E07000071,Recent,10.0,322
11.830360934182593,E07000072,Recent,10.0,471
7.582352941176469,E07000073,Recent,10.0,34
11.44334600760456,E07000074,Recent,10.0,263
9.710218978102189,E07000075,Recent,10.0,137
10.754166666666666,E07000076,Recent,10.0,216
11.540196078431373,E07000077,Recent,10.0,510
9.771978021978024,E07000078,Recent,10.0,182
11.276350093109873,E07000079,Recent,10.0,537
10.051851851851852,E07000080,Recent,10.0,135
7.135443037974684,E07000081,Recent,10.0,79
10.360472972972973,E07000082,Recent,10.0,296
9.907386363636363,E07000083,Recent,10.0,176
11.34796573875803,E07000084,Recent,10.0,467
9.884022556390978,E07000085,Recent,10.0,532
7.6090909090909085,E07000086,Recent,10.0,209
9.07111111111111,E07000087,Recent,10.0,270
8.022222222222222,E07000088,Recent,10.0,45
9.585000000000003,E07000089,Recent,10.0,480
8.636842105263158,E07000090,Recent,10.0,95
11.167002518891685,E07000091,Recent,10.0,397
8.790789473684208,E07000092,Recent,10.0,76
10.708724832214763,E07000093,Recent,10.0,447
10.564075993091537,E07000094,Recent,10.0,579
8.190173410404626,E07000095,Recent,10.0,173
10.347683397683397,E07000096,Recent,10.0,518
11.299504950495049,E07000098,Recent,10.0,404
10.445065789473682,E07000099,Recent,10.0,304
11.839862542955329,E07000102,Recent,10.0,582
9.592307692307692,E07000103,Recent,10.0,91
9.825441696113076,E07000105,Recent,10.0,283
8.865432098765433,E07000106,Recent,10.0,243
10.218518518518518,E07000107,Recent,10.0,81
8.92170542635659,E07000108,Recent,10.0,129
8.808,E07000109,Recent,10.0,100
9.258823529411762,E07000110,Recent,10.0,306
11.251562500000004,E07000111,Recent,10.0,768
10.685645933014353,E07000112,Recent,10.0,209
9.195882352941176,E07000113,Recent,10.0,170
11.867241379310345,E07000114,Recent,10.0,116
9.023667377398722,E07000115,Recent,10.0,469
10.63793103448276,E07000116,Recent,10.0,464
9.524615384615386,E07000117,Recent,10.0,65
9.433103448275864,E07000118,Recent,10.0,145
11.963849765258214,E07000119,Recent,10.0,213
8.758064516129032,E07000120,Recent,10.0,31
11.692307692307692,E07000121,Recent,10.0,117
10.449056603773585,E07000122,Recent,10.0,106
9.603048780487805,E07000123,Recent,10.0,164
11.535267857142856,E07000124,Recent,10.0,224
9.769026548672565,E07000125,Recent,10.0,113
9.199152542372884,E07000126,Recent,10.0,118
10.68825910931174,E07000127,Recent,10.0,247
10.601980198019804,E07000128,Recent,10.0,202
9.324475524475526,E07000129,Recent,10.0,143
9.95073529411765,E07000130,Recent,10.0,272
10.308115183246075,E07000131,Recent,10.0,382
9.867005076142132,E07000132,Recent,10.0,197
10.72755905511811,E07000133,Recent,10.0,127
10.214,E07000134,Recent,10.0,150
10.586315789473689,E07000135,Recent,10.0,95
10.602941176470589,E07000136,Recent,10.0,68
12.773352435530088,E07000137,Recent,10.0,349
9.157377049180326,E07000138,Recent,10.0,61
10.478461538461538,E07000139,Recent,10.0,325
10.602590673575127,E07000140,Recent,10.0,193
10.251558752997605,E07000141,Recent,10.0,417
10.531024096385542,E07000142,Recent,10.0,332
10.671866295264623,E07000143,Recent,10.0,359
10.12679245283019,E07000144,Recent,10.0,265
10.767441860465116,E07000145,Recent,10.0,86
11.184823848238484,E07000146,Recent,10.0,369
11.300571428571429,E07000147,Recent,10.0,175
10.529333333333335,E07000148,Recent,10.0,75
10.43525179856115,E07000149,Recent,10.0,278
7.9709677419354845,E07000150,Recent,10.0,31
11.638188976377954,E07000151,Recent,10.0,254
10.011666666666668,E07000152,Recent,10.0,180
9.37037037037037,E07000153,Recent,10.0,108
9.155050505050506,E07000154,Recent,10.0,198
11.786473429951691,E07000155,Recent,10.0,207
10.581481481481479,E07000156,Recent,10.0,81
11.598979591836736,E07000163,Recent,10.0,98
12.314285714285711,E07000164,Recent,10.0,231
12.079761904761904,E07000165,Recent,10.0,420
13.21111111111111,E07000166,Recent,10.0,90
12.439855072463763,E07000167,Recent,10.0,138
12.358490566037736,E07000168,Recent,10.0,106
10.187165775401072,E07000169,Recent,10.0,187
9.299999999999999,E07000170,Recent,10.0,72
9.89246031746032,E07000171,Recent,10.0,252
9.636842105263158,E07000172,Recent,10.0,95
9.9125,E07000173,Recent,10.0,184
8.435955056179775,E07000174,Recent,10.0,89
10.665277777777778,E07000175,Recent,10.0,360
10.310344827586206,E07000176,Recent,10.0,319
11.47661870503597,E07000177,Recent,10.0,278
8.084112149532709,E07000178,Recent,10.0,214
11.276666666666667,E07000179,Recent,10.0,510
9.864123711340206,E07000180,Recent,10.0,485
9.490489913544666,E07000181,Recent,10.0,347
9.896842105263158,E07000187,Recent,10.0,190
9.39236111111111,E07000188,Recent,10.0,144
10.641592920353983,E07000189,Recent,10.0,226
9.707142857142857,E07000192,Recent,10.0,56
9.963492063492064,E07000193,Recent,10.0,189
11.099442896935937,E07000194,Recent,10.0,359
11.46991869918699,E07000195,Recent,10.0,123
11.355555555555556,E07000196,Recent,10.0,225
9.724107142857141,E07000197,Recent,10.0,224
11.952,E07000198,Recent,10.0,100
7.344117647058824,E07000199,Recent,10.0,34
11.034188034188034,E07000200,Recent,10.0,234
7.454444444444444,E07000202,Recent,10.0,90
10.915969581749053,E07000203,Recent,10.0,263
12.434746136865334,E07000207,Recent,10.0,2265
10.066272189349112,E07000208,Recent,10.0,169
10.547444089456869,E07000209,Recent,10.0,626
11.141865079365079,E07000210,Recent,10.0,504
10.952033660589063,E07000211,Recent,10.0,713
13.764271047227929,E07000212,Recent,10.0,487
9.127551020408163,E07000213,Recent,10.0,98
9.97886323268206,E07000214,Recent,10.0,563
11.289887640449443,E07000215,Recent,10.0,445
11.361028416779435,E07000216,Recent,10.0,739
9.354205607476636,E07000217,Recent,10.0,535
10.807142857142857,E07000218,Recent,10.0,98
8.111702127659575,E07000219,Recent,10.0,94
9.408056872037916,E07000220,Recent,10.0,211
12.393577981651376,E07000221,Recent,10.0,654
10.339588688946014,E07000222,Recent,10.0,389
9.505128205128207,E07000223,Recent,10.0,39
10.519469026548672,E07000224,Recent,10.0,339
12.40230125523013,E07000225,Recent,10.0,478
6.970175438596492,E07000226,Recent,10.0,57
11.339779005524862,E07000227,Recent,10.0,543
11.012621359223298,E07000228,Recent,10.0,412
9.752439024390245,E07000229,Recent,10.0,82
10.281595092024538,E07000234,Recent,10.0,326
10.649047619047618,E07000235,Recent,10.0,210
7.662068965517241,E07000236,Recent,10.0,58
8.531884057971014,E07000237,Recent,10.0,69
10.317956656346748,E07000238,Recent,10.0,323
12.499295774647887,E07000239,Recent,10.0,142
9.798767605633804,E07000240,Recent,10.0,568
11.127532467532468,E07000241,Recent,10.0,385
11.209558823529411,E07000242,Recent,10.0,544
7.3769230769230765,E07000243,Recent,10.0,39
10.5186320754717,E07000244,Recent,10.0,424
12.033144475920679,E07000245,Recent,10.0,353
10.646861924686192,E07000246,Recent,10.0,239
10.68141025641026,E08000001,Recent,10.0,312
10.67490494296578,E08000002,Recent,10.0,263
9.295,E08000003,Recent,10.0,260
10.676190476190476,E08000004,Recent,10.0,126
9.876020408163264,E08000005,Recent,10.0,196
10.644444444444444,E08000006,Recent,10.0,216
10.037026239067057,E08000007,Recent,10.0,343
9.065384615384614,E08000008,Recent,10.0,78
11.90411214953271,E08000009,Recent,10.0,535
7.551111111111113,E08000010,Recent,10.0,180
8.402702702702703,E08000011,Recent,10.0,37
10.477528089887638,E08000012,Recent,10.0,267
10.422950819672135,E08000013,Recent,10.0,122
11.68858024691358,E08000014,Recent,10.0,324
10.817528735632184,E08000015,Recent,10.0,348
9.472440944881889,E08000016,Recent,10.0,127
9.81317204301076,E08000017,Recent,10.0,372
10.394897959183675,E08000018,Recent,10.0,196
9.032409381663113,E08000019,Recent,10.0,469
9.500847457627119,E08000021,Recent,10.0,236
10.533333333333333,E08000022,Recent,10.0,42
9.842307692307694,E08000023,Recent,10.0,52
9.789814814814816,E08000024,Recent,10.0,216
10.698740818467998,E08000025,Recent,10.0,953
8.848757763975154,E08000026,Recent,10.0,322
9.432954545454544,E08000027,Recent,10.0,176
7.2939655172413795,E08000028,Recent,10.0,116
9.857355371900828,E08000029,Recent,10.0,605
9.015760869565216,E08000030,Recent,10.0,184
10.532903225806452,E08000031,Recent,10.0,155
9.684234930448223,E08000032,Recent,10.0,647
9.467873303167421,E08000033,Recent,10.0,221
9.330343511450383,E08000034,Recent,10.0,524
10.558508604206502,E08000035,Recent,10.0,1046
9.592936802973977,E08000036,Recent,10.0,269
9.118072289156625,E08000037,Recent,10.0,83
6.481578947368422,E09000002,Recent,10.0,38
13.71459731543624,E09000003,Recent,10.0,1192
8.254237288135595,E09000004,Recent,10.0,59
10.160638297872339,E09000005,Recent,10.0,282
11.604364569961493,E09000006,Recent,10.0,779
16.714851485148515,E09000007,Recent,10.0,202
11.039678899082567,E09000008,Recent,10.0,436
9.772248803827749,E09000009,Recent,10.0,209
11.863221884498483,E09000010,Recent,10.0,329
9.3453125,E09000011,Recent,10.0,64
9.235714285714284,E09000012,Recent,10.0,28
9.763636363636364,E09000013,Recent,10.0,55
16.12708333333333,E09000014,Recent,10.0,192
10.664651162790696,E09000015,Recent,10.0,430
10.470790378006873,E09000016,Recent,10.0,291
10.135649546827793,E09000017,Recent,10.0,331
9.12,E09000018,Recent,10.0,145
8.431578947368422,E09000019,Recent,10.0,19
16.94736842105263,E09000020,Recent,10.0,209
12.336498516320473,E09000021,Recent,10.0,337
10.795833333333334,E09000022,Recent,10.0,48
7.3,E09000023,Recent,10.0,58
12.621768707482996,E09000024,Recent,10.0,294
6.860526315789474,E09000025,Recent,10.0,38
8.460569105691057,E09000026,Recent,10.0,246
10.62526690391459,E09000027,Recent,10.0,281
9.829411764705883,E09000028,Recent,10.0,85
10.588732394366197,E09000029,Recent,10.0,284
6.342307692307694,E09000030,Recent,10.0,26
7.8721311475409825,E09000031,Recent,10.0,61
12.848603351955308,E09000032,Recent,10.0,179
17.382462686567163,E09000033,Recent,10.0,268
10.726271186440677,W06000001,Recent,10.0,118
11.795238095238096,W06000002,Recent,10.0,105
11.654054054054054,W06000003,Recent,10.0,111
11.19469696969697,W06000004,Recent,10.0,132
10.740935672514619,W06000005,Recent,10.0,171
9.99391304347826,W06000006,Recent,10.0,115
11.862727272727273,W06000008,Recent,10.0,110
10.330072463768117,W06000009,Recent,10.0,276
10.16603260869565,W06000010,Recent,10.0,368
8.938683127572016,W06000011,Recent,10.0,243
7.620769230769232,W06000012,Recent,10.0,130
9.561290322580644,W06000013,Recent,10.0,217
10.60446735395189,W06000014,Recent,10.0,291
9.012048192771083,W06000015,Recent,10.0,415
7.995774647887324,W06000016,Recent,10.0,142
8.793,W06000018,Recent,10.0,100
7.553571428571429,W06000019,Recent,10.0,28
8.302499999999998,W06000020,Recent,10.0,40
10.452397260273974,W06000021,Recent,10.0,292
8.587058823529413,W06000022,Recent,10.0,170
11.645991561181432,W06000023,Recent,10.0,237
8.610000000000001,W06000024,Recent,10.0,40
